industry_div,accident_kind,accident_summary,causal_object,high_risk_situation,causal_factor,countermeasure,content,gong_jong,jak_up_myung,mid_industry,accident_type_mapped
제조업,,2016년 2월경 OO사업장 지하 창고에서 재해자가 작업재료를 찾던 중 지상 1층에 정지해 있던 리프트 운반구가 떨어지면서 재해자를 덮쳐 사망,리프트(일반작업용),비정형 작업(이물질 제거·청소),『매달아 올리거나 적재 상태가 불량한 물체』가 떨어지거나 무너지면서 맞거나 깔림,"▶ 주변의 중량물로 인한 깔림 방지를 위해 중량물 제거 후 작업
▶ 중량물 지지대 설치 후 수리·교체작업 실시","2016년 2월경 OO사업장 지하 창고에서 재해자가 작업재료를 찾던 중 지상 1층에 정지해 있던 리프트 운반구가 떨어지면서 재해자를 덮쳐 사망 [유발요인] 『매달아 올리거나 적재 상태가 불량한 물체』가 떨어지거나 무너지면서 맞거나 깔림 [대책] ▶ 주변의 중량물로 인한 깔림 방지를 위해 중량물 제거 후 작업
▶ 중량물 지지대 설치 후 수리·교체작업 실시",,,목재및종이제품제조업,
제조업,,2016년 4월경 OO사업장에서 재해자가 화물자동차(21톤)의 부속품(측면판 상·하강용 실린더) 교체작업 중 측면판이 넘어지면서 머리를 가격해 사망,적재물(정비중인 구조물/측면판),비정형 작업(정비·보수),"『들어올린 설비의 고정상태 불량, 안전블록·지지대 미설치』로 설비 하부에서 작업 중 갑자기 설비가 내려앉아 끼이거나 깔림","▶ 중량물 이동방지용 지지대 추가 설치
▶ 갑작스런 이동방지를 위한 중량물 위치 변경
▶ 낙하물에 대비한 방망 또는 울 설치후 작업","2016년 4월경 OO사업장에서 재해자가 화물자동차(21톤)의 부속품(측면판 상·하강용 실린더) 교체작업 중 측면판이 넘어지면서 머리를 가격해 사망 [유발요인] 『들어올린 설비의 고정상태 불량, 안전블록·지지대 미설치』로 설비 하부에서 작업 중 갑자기 설비가 내려앉아 끼이거나 깔림 [대책] ▶ 중량물 이동방지용 지지대 추가 설치
▶ 갑작스런 이동방지를 위한 중량물 위치 변경
▶ 낙하물에 대비한 방망 또는 울 설치후 작업",,,기계기구·금속·비금속광물제품제조업,
운수창고통신업,,2016년 3월경 OO사업장에서 재해자가 지게차 하역작업을 인력으로 보조하던 중 적재함의 화물이 재해자쪽으로 떨어지며 덮쳐 사망,지게차,상하차 작업 또는 적재된 화물,『화물의 무게가 한쪽으로 치우쳐진 상태 등』 적재상태가 불량한 화물이 무너지면서 맞거나 깔림,"▶ 전도·낙하 방지를 위해 중량물 제거 후 작업
▶ 중량물 고정 실시 후 수리작업 실시","2016년 3월경 OO사업장에서 재해자가 지게차 하역작업을 인력으로 보조하던 중 적재함의 화물이 재해자쪽으로 떨어지며 덮쳐 사망 [유발요인] 『화물의 무게가 한쪽으로 치우쳐진 상태 등』 적재상태가 불량한 화물이 무너지면서 맞거나 깔림 [대책] ▶ 전도·낙하 방지를 위해 중량물 제거 후 작업
▶ 중량물 고정 실시 후 수리작업 실시",,,철도·항공·창고·운수관련서비스업,
제조업,,2016년 4월경 OO사업장에서 재해자가 CNC선반을 이용해 환봉 가공작업 중 환봉이 휘어져 회전하면서 재해자의 머리를 가격하여 사망,금속가공기계(CNC선반),가공 설비를 이용한 작업,『고속회전하면서 갑자기 휘어진 가공물』 에 머리를 맞음,"▶ 회전체에 방호덮개 설치 또는 근로자 접근금지용 울타리 설치
▶ 방호장치 기능유지 및 해당 설비 운전 정지 조치
▶ 말릴 위험이 없는 작업모 및 작업복 착용","2016년 4월경 OO사업장에서 재해자가 CNC선반을 이용해 환봉 가공작업 중 환봉이 휘어져 회전하면서 재해자의 머리를 가격하여 사망 [유발요인] 『고속회전하면서 갑자기 휘어진 가공물』 에 머리를 맞음 [대책] ▶ 회전체에 방호덮개 설치 또는 근로자 접근금지용 울타리 설치
▶ 방호장치 기능유지 및 해당 설비 운전 정지 조치
▶ 말릴 위험이 없는 작업모 및 작업복 착용",,,기계기구·금속·비금속광물제품제조업,
제조업,,2016년 2월경 제관반 작업장에서 재해자가 산업용 송풍기 성능시험에 입회하여 시험 중 송풍기의 흡입구 주변으로 지나가던 중 송풍기의 흡입구로 빨려들어가 사망(추정),기타 설비(송풍기),비정형 작업(시운전),"『주변 설비의 움직임을 인지하지 못하거나, 안전거리를 확보하지 않고 작업』 하여 작동하는 설비에 부딪히거나, 말림·끼임","▶ 같은 장소에서 이루어지는 도급인과 수급인의 작업 혼재 시 재해 발생 예방을 위한 의사 전달 체계 수립
▶ 안전작업허가제도로 작업 전·중·후 안전확보 상태 지속 확인","2016년 2월경 제관반 작업장에서 재해자가 산업용 송풍기 성능시험에 입회하여 시험 중 송풍기의 흡입구 주변으로 지나가던 중 송풍기의 흡입구로 빨려들어가 사망(추정) [유발요인] 『주변 설비의 움직임을 인지하지 못하거나, 안전거리를 확보하지 않고 작업』 하여 작동하는 설비에 부딪히거나, 말림·끼임 [대책] ▶ 같은 장소에서 이루어지는 도급인과 수급인의 작업 혼재 시 재해 발생 예방을 위한 의사 전달 체계 수립
▶ 안전작업허가제도로 작업 전·중·후 안전확보 상태 지속 확인",,,기계기구·금속·비금속광물제품제조업,
제조업,,2016년 8월 재활용공장에서 재해자가 스티로폼 분쇄기에 폐스티로폼을 투입하는 작업을 하던 중 회전하는 분쇄기 칼날에 왼손이 말림,분쇄·파쇄기,원료 투입 작업,"『별도의 수공구 없이 설비의 구동부에 근접하여 작업』하다가 구동부에 끼이거나 말림, 절단","▶ 광전자, 양수조작식 등 방호장치 설치 및 기능유지 철저
▶ 재료투입용 보조기구 및 사용상태 철저 관리","2016년 8월 재활용공장에서 재해자가 스티로폼 분쇄기에 폐스티로폼을 투입하는 작업을 하던 중 회전하는 분쇄기 칼날에 왼손이 말림 [유발요인] 『별도의 수공구 없이 설비의 구동부에 근접하여 작업』하다가 구동부에 끼이거나 말림, 절단 [대책] ▶ 광전자, 양수조작식 등 방호장치 설치 및 기능유지 철저
▶ 재료투입용 보조기구 및 사용상태 철저 관리",,,수제품및기타제품제조업,
제조업,,2016년 1월경 작업장에서 재해자가 이동식 컨베이어를 옮기던 중 컨베이어가 넘어지면서 안면부에 부딪힌 후 쓰러져 사망,컨베이어,인력 운반 작업,무거운 물체를 운반하던 중 『바닥의 요철부』에 걸려 넘어지면서 떨어지거나 바닥에 머리가 부딪힘,"▶ 작업구간 바닥상태 평탄화 조치
▶ 폭 넓은 운반용구로 구입·변경 조치
▶ 이동통로 상 바닥에 이물질 등 제거 조치","2016년 1월경 작업장에서 재해자가 이동식 컨베이어를 옮기던 중 컨베이어가 넘어지면서 안면부에 부딪힌 후 쓰러져 사망 [유발요인] 무거운 물체를 운반하던 중 『바닥의 요철부』에 걸려 넘어지면서 떨어지거나 바닥에 머리가 부딪힘 [대책] ▶ 작업구간 바닥상태 평탄화 조치
▶ 폭 넓은 운반용구로 구입·변경 조치
▶ 이동통로 상 바닥에 이물질 등 제거 조치",,,기계기구·금속·비금속광물제품제조업,
임업,,2016년 7월경 OO산 벌목현장에서 재해자가 조재작업 중 조재목이 튀어올라 얼굴을 강타해 사망,나무(조재목),벌목·조재 작업,"『주변 구조물에 걸려있던 나무(벌도목, 조재목 등)』 가 작업상황에 의해 무게중심이 변하면서 떨어지거나 지렛대처럼 튀어올라 얼굴을 맞음","▶ 벌목 작업 전 주변 나무에 걸려있는 나무를 확인하여 주변에서 작업 금지
▶ 충분한 안전거리를 확보하여, 다른 작업자와 동시에 작업 금지","2016년 7월경 OO산 벌목현장에서 재해자가 조재작업 중 조재목이 튀어올라 얼굴을 강타해 사망 [유발요인] 『주변 구조물에 걸려있던 나무(벌도목, 조재목 등)』 가 작업상황에 의해 무게중심이 변하면서 떨어지거나 지렛대처럼 튀어올라 얼굴을 맞음 [대책] ▶ 벌목 작업 전 주변 나무에 걸려있는 나무를 확인하여 주변에서 작업 금지
▶ 충분한 안전거리를 확보하여, 다른 작업자와 동시에 작업 금지",,,임업,
전기가스증기수도사업,,2021년 3월경 OO사업장 연료 하역장에서 재해자가 작업용 차량(워킹카)의 화물적재함 후미에서 시료 채취 작업을 하던 중 화물적재함의 덮개가 닫히면서 재해자가 끼인 상태로 차량이 이동해 사망,화물운반트럭(워킹카),차량을 이용한 작업,"『차량운행 중 차량의 진행방향 및 사각지대를 확인하지 않아』근로자가 작업차량에 깔리거나, 주변 구조물과 작업차량 사이에 끼임","▶ 지게차 이용 중량물 취급에 대한 작업계획서 작성(작업방법, 운행경로, 근로자와 지게차 혼재 작업 여부 등)
▶ 혼재 작업 시 작업지휘자 또는 유도자 배치","2021년 3월경 OO사업장 연료 하역장에서 재해자가 작업용 차량(워킹카)의 화물적재함 후미에서 시료 채취 작업을 하던 중 화물적재함의 덮개가 닫히면서 재해자가 끼인 상태로 차량이 이동해 사망 [유발요인] 『차량운행 중 차량의 진행방향 및 사각지대를 확인하지 않아』근로자가 작업차량에 깔리거나, 주변 구조물과 작업차량 사이에 끼임 [대책] ▶ 지게차 이용 중량물 취급에 대한 작업계획서 작성(작업방법, 운행경로, 근로자와 지게차 혼재 작업 여부 등)
▶ 혼재 작업 시 작업지휘자 또는 유도자 배치",,,전기가스증기수도사업,
제조업,,2016년 1월경 천장크레인 레일확장을 위해 재해자가 고소작업대에 탑승 후 작업대를 상승시킨 상태에서 경사진 바닥면을 따라 이동하던 중 고소작업대가 전도되어 작업대와 같이 떨어지면서 사망,고소작업대(시저형/렌탈),고소작업대 사용 작업,『작업대를 상승시킨 상태에서 이동하거나 작업중 변하는 무게중심』에 의해 고소작업대가 넘어지면서 작업자가 떨어짐,"▶ 고소작업대 작업발판 주변 안전난간 수리
▶ 작업발판 외부로 신체 이탈작업 금지","2016년 1월경 천장크레인 레일확장을 위해 재해자가 고소작업대에 탑승 후 작업대를 상승시킨 상태에서 경사진 바닥면을 따라 이동하던 중 고소작업대가 전도되어 작업대와 같이 떨어지면서 사망 [유발요인] 『작업대를 상승시킨 상태에서 이동하거나 작업중 변하는 무게중심』에 의해 고소작업대가 넘어지면서 작업자가 떨어짐 [대책] ▶ 고소작업대 작업발판 주변 안전난간 수리
▶ 작업발판 외부로 신체 이탈작업 금지",,,기계기구·금속·비금속광물제품제조업,
제조업,,2016년 5월경 제품을 야적하기 위해 지게차가 5톤 화물을 운반하기 위해 후진하던 중 재해자를 충격하여 사망,지게차,지게차를 사용하는 작업,근로자와 작업차량 간 『혼재작업 장소에서 근로자 이동과 작업차량 운행을 통제하지 않은 상태』에서 근로자가 작업차량에 부딪히나 깔림 또는 주변 구조물과 작업차량 사이에 끼임,"▶ 지게차 이용 중량물 취급에 대한 작업계획서 작성(작업방법, 운행경로, 근로자와 지게차 혼재 작업 여부 등)
▶ 혼재 작업 시 작업지휘자 또는 유도자 배치","2016년 5월경 제품을 야적하기 위해 지게차가 5톤 화물을 운반하기 위해 후진하던 중 재해자를 충격하여 사망 [유발요인] 근로자와 작업차량 간 『혼재작업 장소에서 근로자 이동과 작업차량 운행을 통제하지 않은 상태』에서 근로자가 작업차량에 부딪히나 깔림 또는 주변 구조물과 작업차량 사이에 끼임 [대책] ▶ 지게차 이용 중량물 취급에 대한 작업계획서 작성(작업방법, 운행경로, 근로자와 지게차 혼재 작업 여부 등)
▶ 혼재 작업 시 작업지휘자 또는 유도자 배치",,,기계기구·금속·비금속광물제품제조업,
제조업,,2016년 10월경 재해자가 가열로(발포로) 고장원인을 확인하기 위해 가열로 드럼 전동기 내에 회전하고 있던 체인 스프라켓을 손으로 잡아 세우려다 장갑이 말림,생산설비(가열로<발포로>),비정형 작업(점검),『말릴 위험이 있는 옷이나 장갑을 착용하고 회전축에 근접하여 작업』해 손이나 팔이 말려 절단,"▶ 목장갑 등 사용 시 손이 말려 들어갈 위험이 있음을 근로자에게 교육하고, 밀착형 가죽장갑 등을 지급하여 착용하도록 조치","2016년 10월경 재해자가 가열로(발포로) 고장원인을 확인하기 위해 가열로 드럼 전동기 내에 회전하고 있던 체인 스프라켓을 손으로 잡아 세우려다 장갑이 말림 [유발요인] 『말릴 위험이 있는 옷이나 장갑을 착용하고 회전축에 근접하여 작업』해 손이나 팔이 말려 절단 [대책] ▶ 목장갑 등 사용 시 손이 말려 들어갈 위험이 있음을 근로자에게 교육하고, 밀착형 가죽장갑 등을 지급하여 착용하도록 조치",,,기계기구·금속·비금속광물제품제조업,
제조업,,2016년 11월경 톤백이 적재되어 있는 1단에서 지게차 포크에 고리부분을 연결하는 작업을 하던 중 3단으로 쌓여있던 톤백이 넘어지면서 재해자를 충격하여 사망,적재물(톤백),상하차 작업 또는 적재된 화물,『적재된 제품·재료 또는 화물 적재함 위에 올라 작업』하던 중 균형을 잃고 떨어짐,"▶ 차량 상부작업 시 작업장소 상부에 안전대 걸이설비 설치·사용
▶ 적재함에 오르내리기 위한 설비 설치·사용
▶ 작업 시 안전대, 안전모 등 보호구 착용","2016년 11월경 톤백이 적재되어 있는 1단에서 지게차 포크에 고리부분을 연결하는 작업을 하던 중 3단으로 쌓여있던 톤백이 넘어지면서 재해자를 충격하여 사망 [유발요인] 『적재된 제품·재료 또는 화물 적재함 위에 올라 작업』하던 중 균형을 잃고 떨어짐 [대책] ▶ 차량 상부작업 시 작업장소 상부에 안전대 걸이설비 설치·사용
▶ 적재함에 오르내리기 위한 설비 설치·사용
▶ 작업 시 안전대, 안전모 등 보호구 착용",,,기계기구·금속·비금속광물제품제조업,
제조업,,2016년 4월 케이블 제조공장에서 재해자가 전선을 감는 권취기의 드럼과 감기는 전선 사이에 다리가 말림,생산설비(와인더/권취기),자동화 설비 작업,"『주변 설비의 움직임을 인지하지 못하거나, 안전거리를 확보하지 않고 작업』 하여 작동하는 설비에 부딪히거나, 말림·끼임","▶ 같은 장소에서 이루어지는 도급인과 수급인의 작업 혼재 시 재해 발생 예방을 위한 의사 전달 체계 수립
▶ 안전작업허가제도로 작업 전·중·후 안전확보 상태 지속 확인","2016년 4월 케이블 제조공장에서 재해자가 전선을 감는 권취기의 드럼과 감기는 전선 사이에 다리가 말림 [유발요인] 『주변 설비의 움직임을 인지하지 못하거나, 안전거리를 확보하지 않고 작업』 하여 작동하는 설비에 부딪히거나, 말림·끼임 [대책] ▶ 같은 장소에서 이루어지는 도급인과 수급인의 작업 혼재 시 재해 발생 예방을 위한 의사 전달 체계 수립
▶ 안전작업허가제도로 작업 전·중·후 안전확보 상태 지속 확인",,,전기기계기구·정밀기구·전자제품제조업,
임업,,2016년 1월경 OO산 벌목현장에서 재해자가 벌도목이 인접 나무에 걸친 상태에서 조재작업을 하던 중 걸려있던 벌도목이 재해자의 머리를 강타해 사망,나무(벌도목),벌목·조재 작업,"『벌도목이 의도하지 않은 방향으로 쓰러지거나, 주변 장애물에 걸려』 작업자 방향으로 쓰러지면서 안면 또는 머리를 가격(부딪힘)","▶ 벌목 작업 시에는 사전에 대피장소를 정하여 작업 실시
▶ 충분한 안전거리를 확보하여, 다른 작업자와 동시에 작업 금지","2016년 1월경 OO산 벌목현장에서 재해자가 벌도목이 인접 나무에 걸친 상태에서 조재작업을 하던 중 걸려있던 벌도목이 재해자의 머리를 강타해 사망 [유발요인] 『벌도목이 의도하지 않은 방향으로 쓰러지거나, 주변 장애물에 걸려』 작업자 방향으로 쓰러지면서 안면 또는 머리를 가격(부딪힘) [대책] ▶ 벌목 작업 시에는 사전에 대피장소를 정하여 작업 실시
▶ 충분한 안전거리를 확보하여, 다른 작업자와 동시에 작업 금지",,,임업,
제조업,,2016년 3월경 재해자가 석재가공품 상차 작업 중 적재함과 석재품 사이에 받침목을 받치는 작업 후 차량 주변에서 대기 중 석재품이 재해자 쪽으로 떨어지면서 재해자를 충격하여 병원치료 중 사망,적재물(석재),상하차 작업 또는 적재된 화물,『화물의 무게가 한쪽으로 치우쳐진 상태 등』 적재상태가 불량한 화물이 무너지면서 맞거나 깔림,"▶ 전도·낙하 방지를 위해 중량물 제거 후 작업
▶ 중량물 고정 실시 후 수리작업 실시","2016년 3월경 재해자가 석재가공품 상차 작업 중 적재함과 석재품 사이에 받침목을 받치는 작업 후 차량 주변에서 대기 중 석재품이 재해자 쪽으로 떨어지면서 재해자를 충격하여 병원치료 중 사망 [유발요인] 『화물의 무게가 한쪽으로 치우쳐진 상태 등』 적재상태가 불량한 화물이 무너지면서 맞거나 깔림 [대책] ▶ 전도·낙하 방지를 위해 중량물 제거 후 작업
▶ 중량물 고정 실시 후 수리작업 실시",,,기계기구·금속·비금속광물제품제조업,
제조업,,2016년 8월경 재해자가 작업준비 중 몰드를 운반하는 전도기 암(Arm)에 눌려 사망,생산설비(전도기),자동화 설비 작업,"『주변 설비의 움직임을 인지하지 못하거나, 안전거리를 확보하지 않고 작업』 하여 작동하는 설비에 부딪히거나, 말림·끼임","▶ 같은 장소에서 이루어지는 도급인과 수급인의 작업 혼재 시 재해 발생 예방을 위한 의사 전달 체계 수립
▶ 안전작업허가제도로 작업 전·중·후 안전확보 상태 지속 확인","2016년 8월경 재해자가 작업준비 중 몰드를 운반하는 전도기 암(Arm)에 눌려 사망 [유발요인] 『주변 설비의 움직임을 인지하지 못하거나, 안전거리를 확보하지 않고 작업』 하여 작동하는 설비에 부딪히거나, 말림·끼임 [대책] ▶ 같은 장소에서 이루어지는 도급인과 수급인의 작업 혼재 시 재해 발생 예방을 위한 의사 전달 체계 수립
▶ 안전작업허가제도로 작업 전·중·후 안전확보 상태 지속 확인",,,기계기구·금속·비금속광물제품제조업,
제조업,,2016년 4월경 OO사업장 선박 제조 공정에서 재해자가 휴대용 연삭기로 작업 중 다리를 베어 과다출혈로 사망,수공구(핸드그라인더),그라인더 등 수공구를 사용하는 작업,보호구를 착용하지 않은 상태에서 『튕겨나온 가공날 또는 가공물』에 눈을 찔리거나 머리를 맞음,"▶ 선반가공 시 척, 방진구 및 심압대 체결상태 확인 및 갇독 철저
▶ 칩 브레이커 등 설치·사용
▶ 보안경/보안면 등 안면보호구 착용","2016년 4월경 OO사업장 선박 제조 공정에서 재해자가 휴대용 연삭기로 작업 중 다리를 베어 과다출혈로 사망 [유발요인] 보호구를 착용하지 않은 상태에서 『튕겨나온 가공날 또는 가공물』에 눈을 찔리거나 머리를 맞음 [대책] ▶ 선반가공 시 척, 방진구 및 심압대 체결상태 확인 및 갇독 철저
▶ 칩 브레이커 등 설치·사용
▶ 보안경/보안면 등 안면보호구 착용",,,선박건조및수리업,
제조업,,2016년 8월 아스콘 생산공장 원석 파쇄공정에서 재해자가 골재 운반용 벨트컨베이어 하부 세골재를 제거(청소)하는 작업 중 컨베이어 벨트와 안내롤러 사이에 왼팔이 말림,컨베이어,비정형 작업(이물질 제거·청소),『설비를 정지시키지 않거나 전원을 차단하지 않은 상태』에서 정비·보수·청소 등의 작업을 하다가 끼이거나 말림,"▶ 설비 가동중 이물질 제거 등이 발생할 수 있는 생산작업을 분석하고 근원적 접근방지대책 수립
▶ 끼임재해 우려가 있어 가동정지 후 작업이 필요한 설비 목록화→LOTO(Lock Out,  Tag Out) 대상 확정·시행 
▶ 작업 절차에 대해 근로자 교육실시","2016년 8월 아스콘 생산공장 원석 파쇄공정에서 재해자가 골재 운반용 벨트컨베이어 하부 세골재를 제거(청소)하는 작업 중 컨베이어 벨트와 안내롤러 사이에 왼팔이 말림 [유발요인] 『설비를 정지시키지 않거나 전원을 차단하지 않은 상태』에서 정비·보수·청소 등의 작업을 하다가 끼이거나 말림 [대책] ▶ 설비 가동중 이물질 제거 등이 발생할 수 있는 생산작업을 분석하고 근원적 접근방지대책 수립
▶ 끼임재해 우려가 있어 가동정지 후 작업이 필요한 설비 목록화→LOTO(Lock Out,  Tag Out) 대상 확정·시행 
▶ 작업 절차에 대해 근로자 교육실시",,,수제품및기타제품제조업,
제조업,,"2016년 2월경 도금업체에서 재해자가 약 2m 정도의 배관을 TIG용접을 하던 중 배관안에서 쓰러져 동료 작업자가 발견, 병원으로 이송후 사망",유해가스(아르곤가스),용접·절단·사상 또는 도장 작업,『취급하는 물질이 배관·호스·용기 등에서 누출』되어 화학물질 접촉·질식 또는 화재·폭발,"▶ 위험물질에 대한 MSDS 비치 및 근로자 교육
▶ 공급원재료의 종류, 공급되는 설비명 표시
▶ 가스검지 및 경보장치·긴급차단장치 및 방유제 설치","2016년 2월경 도금업체에서 재해자가 약 2m 정도의 배관을 TIG용접을 하던 중 배관안에서 쓰러져 동료 작업자가 발견, 병원으로 이송후 사망 [유발요인] 『취급하는 물질이 배관·호스·용기 등에서 누출』되어 화학물질 접촉·질식 또는 화재·폭발 [대책] ▶ 위험물질에 대한 MSDS 비치 및 근로자 교육
▶ 공급원재료의 종류, 공급되는 설비명 표시
▶ 가스검지 및 경보장치·긴급차단장치 및 방유제 설치",,,기계기구·금속·비금속광물제품제조업,
제조업,,2016년 6월경 단조공장에서 천장주행 크레인을 이용하여 중량물을 하강하여 작업 중 달기체인 훅으로 부터 이탈된 중량물이 넘어지면서 지나가던 재해자 머리를 충격하여 사망,줄걸이기구(훅),"크레인(천장주행, 갠트리, 지브 등) 사용 작업",훅해지장치가 없는 등 『줄걸이가 훅에서 이탈』해 떨어지는 화물에 부딪히거나 깔림,"▶ 인양하중 및 화물의 형태를 고려하여 체인블록의 훅을 선정
▶ 훅과 훅 해지장치 등을 상시 점검하여 사용하고, 이상 시 폐기 처리","2016년 6월경 단조공장에서 천장주행 크레인을 이용하여 중량물을 하강하여 작업 중 달기체인 훅으로 부터 이탈된 중량물이 넘어지면서 지나가던 재해자 머리를 충격하여 사망 [유발요인] 훅해지장치가 없는 등 『줄걸이가 훅에서 이탈』해 떨어지는 화물에 부딪히거나 깔림 [대책] ▶ 인양하중 및 화물의 형태를 고려하여 체인블록의 훅을 선정
▶ 훅과 훅 해지장치 등을 상시 점검하여 사용하고, 이상 시 폐기 처리",,,기계기구·금속·비금속광물제품제조업,
임업,,2016년 11월경 OO산에서 재해자가 벌목작업을 하던 중 벌도목에 걸쳐있던 나무가 넘어가면서 재해자의 머리를 강타하여 사망,나무(벌도목),벌목·조재 작업,"『벌도목이 의도하지 않은 방향으로 쓰러지거나, 주변 장애물에 걸려』 작업자 방향으로 쓰러지면서 안면 또는 머리를 가격(부딪힘)","▶ 벌목 작업 시에는 사전에 대피장소를 정하여 작업 실시
▶ 충분한 안전거리를 확보하여, 다른 작업자와 동시에 작업 금지","2016년 11월경 OO산에서 재해자가 벌목작업을 하던 중 벌도목에 걸쳐있던 나무가 넘어가면서 재해자의 머리를 강타하여 사망 [유발요인] 『벌도목이 의도하지 않은 방향으로 쓰러지거나, 주변 장애물에 걸려』 작업자 방향으로 쓰러지면서 안면 또는 머리를 가격(부딪힘) [대책] ▶ 벌목 작업 시에는 사전에 대피장소를 정하여 작업 실시
▶ 충분한 안전거리를 확보하여, 다른 작업자와 동시에 작업 금지",,,임업,
운수창고통신업,,"2016년 8월경 OO정비소 내 화물자동차 주차장에서 탱크로리에 있는 황산을 다른 탱크로리로 이송하는 작업을 하던 중 탱크로리 상단 맨홀에 고정해 놓은 호스가 이탈되면서 맨홀 주변에 있던 재해자가 황산에 노출되어 치료 중 사망, 동료 작업자 1명이 부상",화학물질(황산),위험물질 취급 또는 그 장소에서 수행하는 작업,『취급하는 물질이 배관·호스·용기 등에서 누출』되어 화학물질 접촉·질식 또는 화재·폭발,"▶ 위험물질에 대한 MSDS 비치 및 근로자 교육
▶ 공급원재료의 종류, 공급되는 설비명 표시
▶ 가스검지 및 경보장치·긴급차단장치 및 방유제 설치","2016년 8월경 OO정비소 내 화물자동차 주차장에서 탱크로리에 있는 황산을 다른 탱크로리로 이송하는 작업을 하던 중 탱크로리 상단 맨홀에 고정해 놓은 호스가 이탈되면서 맨홀 주변에 있던 재해자가 황산에 노출되어 치료 중 사망, 동료 작업자 1명이 부상 [유발요인] 『취급하는 물질이 배관·호스·용기 등에서 누출』되어 화학물질 접촉·질식 또는 화재·폭발 [대책] ▶ 위험물질에 대한 MSDS 비치 및 근로자 교육
▶ 공급원재료의 종류, 공급되는 설비명 표시
▶ 가스검지 및 경보장치·긴급차단장치 및 방유제 설치",,,육상및수상운수업,
제조업,,2016년 2월경 지금제거 수리장에서 재해자가 수리장에 장착된 전기로 Roof 하부에 들어가 냉각수 배관에 융착되어 있는 지금(base metal)을 제거하던 중 떨어지는 지금 덩어리(200kg)에 머리를 맞고 사망,분류 불가,비정형 작업(이물질 제거·청소),『매달아 올리거나 적재 상태가 불량한 물체』가 떨어지거나 무너지면서 맞거나 깔림,"▶ 주변의 중량물로 인한 깔림 방지를 위해 중량물 제거 후 작업
▶ 중량물 지지대 설치 후 수리·교체작업 실시","2016년 2월경 지금제거 수리장에서 재해자가 수리장에 장착된 전기로 Roof 하부에 들어가 냉각수 배관에 융착되어 있는 지금(base metal)을 제거하던 중 떨어지는 지금 덩어리(200kg)에 머리를 맞고 사망 [유발요인] 『매달아 올리거나 적재 상태가 불량한 물체』가 떨어지거나 무너지면서 맞거나 깔림 [대책] ▶ 주변의 중량물로 인한 깔림 방지를 위해 중량물 제거 후 작업
▶ 중량물 지지대 설치 후 수리·교체작업 실시",,,금속제련업,
제조업,,2016년 10월경 선반 작업장에서 재해자가 범용선반을 이용하여 로울러를 가공하던 중 로울러가 튕겨져 재해자 머리를 충격하여 사망,금속가공기계(범용선반),가공 설비를 이용한 작업,보호구를 착용하지 않은 상태에서 『튕겨나온 가공날 또는 가공물』에 눈을 찔리거나 머리를 맞음,"▶ 선반가공 시 척, 방진구 및 심압대 체결상태 확인 및 갇독 철저
▶ 칩 브레이커 등 설치·사용
▶ 보안경/보안면 등 안면보호구 착용","2016년 10월경 선반 작업장에서 재해자가 범용선반을 이용하여 로울러를 가공하던 중 로울러가 튕겨져 재해자 머리를 충격하여 사망 [유발요인] 보호구를 착용하지 않은 상태에서 『튕겨나온 가공날 또는 가공물』에 눈을 찔리거나 머리를 맞음 [대책] ▶ 선반가공 시 척, 방진구 및 심압대 체결상태 확인 및 갇독 철저
▶ 칩 브레이커 등 설치·사용
▶ 보안경/보안면 등 안면보호구 착용",,,기계기구·금속·비금속광물제품제조업,
제조업,,2016년 8월 폐기물처리 사업장에서 재해자가 지게차 실린더에 그리스를 주입하는 과정에서 지게차 우측에 서서 지게차 시동을 거는 순간 지게차가 후진하면서 지게차 우측 앞바퀴에 가슴부위를 치임,지게차,비정형 작업(정비·보수),『설비를 정지시키지 않거나 전원을 차단하지 않은 상태』에서 정비·보수·청소 등의 작업을 하다가 끼이거나 말림,"▶ 설비 가동중 이물질 제거 등이 발생할 수 있는 생산작업을 분석하고 근원적 접근방지대책 수립
▶ 끼임재해 우려가 있어 가동정지 후 작업이 필요한 설비 목록화→LOTO(Lock Out,  Tag Out) 대상 확정·시행 
▶ 작업 절차에 대해 근로자 교육실시","2016년 8월 폐기물처리 사업장에서 재해자가 지게차 실린더에 그리스를 주입하는 과정에서 지게차 우측에 서서 지게차 시동을 거는 순간 지게차가 후진하면서 지게차 우측 앞바퀴에 가슴부위를 치임 [유발요인] 『설비를 정지시키지 않거나 전원을 차단하지 않은 상태』에서 정비·보수·청소 등의 작업을 하다가 끼이거나 말림 [대책] ▶ 설비 가동중 이물질 제거 등이 발생할 수 있는 생산작업을 분석하고 근원적 접근방지대책 수립
▶ 끼임재해 우려가 있어 가동정지 후 작업이 필요한 설비 목록화→LOTO(Lock Out,  Tag Out) 대상 확정·시행 
▶ 작업 절차에 대해 근로자 교육실시",,,수제품및기타제품제조업,
임업,,2016년 11월경 OO국유림에서 재해자가 벌목작업을 하던 중 동료작업자가 벌목 후 방치한 주변 수먹에 걸려있던 나무가 재해자 방향으로 떨어지면서 머리를 맞고 사망,나무(벌도목),벌목·조재 작업,"『인근에서 작업하던 동료 작업자의 벌도목이나, 주변 나무에 걸려있던 벌도목』 이 작업자 방향으로 떨어져 머리를 맞음","▶ 벌목 작업 시에는 사전에 대피장소를 정하여 작업 실시
▶ 충분한 안전거리를 확보하여, 다른 작업자와 동시에 작업 금지","2016년 11월경 OO국유림에서 재해자가 벌목작업을 하던 중 동료작업자가 벌목 후 방치한 주변 수먹에 걸려있던 나무가 재해자 방향으로 떨어지면서 머리를 맞고 사망 [유발요인] 『인근에서 작업하던 동료 작업자의 벌도목이나, 주변 나무에 걸려있던 벌도목』 이 작업자 방향으로 떨어져 머리를 맞음 [대책] ▶ 벌목 작업 시에는 사전에 대피장소를 정하여 작업 실시
▶ 충분한 안전거리를 확보하여, 다른 작업자와 동시에 작업 금지",,,임업,
제조업,,"2016년 6월경 용해로 덮개 하부에 설치된 실린더를 교체하기 위해 작업자 4명이 크레인 줄걸이를 덮개 인양용 러그에 걸어 작업 중 러그가 파단되어 재해자를 충격하여 1명 사망, 3명 부상",줄걸이기구(리프팅 러그),"크레인(천장주행, 갠트리, 지브 등) 사용 작업","『줄걸이 기구의 용접 불량, 마모, 변형, 손상』으로 인해 운반하는 화물이 떨어지면서 부딪히거나 그 아래 깔림","▶ 설비·구조물 상태 정기적 점검 및 예방 관리
▶ 와이어로프 손상 시 즉시 교체하여 사용","2016년 6월경 용해로 덮개 하부에 설치된 실린더를 교체하기 위해 작업자 4명이 크레인 줄걸이를 덮개 인양용 러그에 걸어 작업 중 러그가 파단되어 재해자를 충격하여 1명 사망, 3명 부상 [유발요인] 『줄걸이 기구의 용접 불량, 마모, 변형, 손상』으로 인해 운반하는 화물이 떨어지면서 부딪히거나 그 아래 깔림 [대책] ▶ 설비·구조물 상태 정기적 점검 및 예방 관리
▶ 와이어로프 손상 시 즉시 교체하여 사용",,,기계기구·금속·비금속광물제품제조업,
기타의사업,,2017년 7월경 OO공원에서 재해자가 동료작업자와 함께 벌목 작업을 하던 중 벌도목(고사목)이 재해자 방향으로 넘어지면서 머리를 가격하여 사망,나무(벌도목),벌목·조재 작업,"『벌도목이 의도하지 않은 방향으로 쓰러지거나, 주변 장애물에 걸려』 작업자 방향으로 쓰러지면서 안면 또는 머리를 가격(부딪힘)","▶ 벌목 작업 시에는 사전에 대피장소를 정하여 작업 실시
▶ 충분한 안전거리를 확보하여, 다른 작업자와 동시에 작업 금지","2017년 7월경 OO공원에서 재해자가 동료작업자와 함께 벌목 작업을 하던 중 벌도목(고사목)이 재해자 방향으로 넘어지면서 머리를 가격하여 사망 [유발요인] 『벌도목이 의도하지 않은 방향으로 쓰러지거나, 주변 장애물에 걸려』 작업자 방향으로 쓰러지면서 안면 또는 머리를 가격(부딪힘) [대책] ▶ 벌목 작업 시에는 사전에 대피장소를 정하여 작업 실시
▶ 충분한 안전거리를 확보하여, 다른 작업자와 동시에 작업 금지",,,국가및지방자치단체의사업,
제조업,,2017년 12월 목재가공공장에서 재해자가 합판에 라미네이팅지를 접착하는 시트지 접착기 시운전 중 접착기 상하 롤러 사이에 신체 일부가 말림 ,생산설비(합판 시트지 접착기),비정형 작업(시운전),"『설비에 안전장치가 설치되어 있지 않거나, 설치된 안전장치를 무력화한 상태』로 사용하던 중 말리거나 끼임","▶ 방호장치 작동불량 등 이상시 관리감독자 등에게 선보고 및 조치 후 작업 재개가 당연한 안전문화 구축　
▶ 작업 전 광전자식 방호장치 정상 여부 확인 ","2017년 12월 목재가공공장에서 재해자가 합판에 라미네이팅지를 접착하는 시트지 접착기 시운전 중 접착기 상하 롤러 사이에 신체 일부가 말림  [유발요인] 『설비에 안전장치가 설치되어 있지 않거나, 설치된 안전장치를 무력화한 상태』로 사용하던 중 말리거나 끼임 [대책] ▶ 방호장치 작동불량 등 이상시 관리감독자 등에게 선보고 및 조치 후 작업 재개가 당연한 안전문화 구축　
▶ 작업 전 광전자식 방호장치 정상 여부 확인 ",,,수제품및기타제품제조업,
제조업,,2017년 3월경 제품장에서 동료운전자가 지게차를 이용하여 H빔을 반출하던 중 적치대 3단에 적재된 H빔이 마스트 상단에 걸려 지게차를 후진하자 H빔이 떨어지며 반경내에 있던 재해자를 충격하여 사망,운반물(H빔),혼재작업(작업자-작업차량),『차량 작업 구역에 근로자 출입을 통제하지 않은 상태』에서 근로자가 작업차량 또는 운반하는 화물에 부딪히거나 깔림 또는 주변 구조물과 그 사이에 끼임,▶ 차량을 사용하는 작업하는 구역과 차량 이동 경로를 근로자 이동 통로와 구분 실시,2017년 3월경 제품장에서 동료운전자가 지게차를 이용하여 H빔을 반출하던 중 적치대 3단에 적재된 H빔이 마스트 상단에 걸려 지게차를 후진하자 H빔이 떨어지며 반경내에 있던 재해자를 충격하여 사망 [유발요인] 『차량 작업 구역에 근로자 출입을 통제하지 않은 상태』에서 근로자가 작업차량 또는 운반하는 화물에 부딪히거나 깔림 또는 주변 구조물과 그 사이에 끼임 [대책] ▶ 차량을 사용하는 작업하는 구역과 차량 이동 경로를 근로자 이동 통로와 구분 실시,,,기계기구·금속·비금속광물제품제조업,
기타의사업,,2017년 6월경 OO재활용 선별 사업장에서 재해자가 빗자루질을 하던 중 작업장 내에서 후진하던 차량(1톤 트럭) 후미에 추돌해 사망,화물운반트럭(카고트럭),혼재작업(작업자-작업차량),근로자와 작업차량 간 『혼재작업 장소에서 근로자 이동과 작업차량 운행을 통제하지 않은 상태』에서 근로자가 작업차량에 부딪히나 깔림 또는 주변 구조물과 작업차량 사이에 끼임,"▶ 지게차 이용 중량물 취급에 대한 작업계획서 작성(작업방법, 운행경로, 근로자와 지게차 혼재 작업 여부 등)
▶ 혼재 작업 시 작업지휘자 또는 유도자 배치","2017년 6월경 OO재활용 선별 사업장에서 재해자가 빗자루질을 하던 중 작업장 내에서 후진하던 차량(1톤 트럭) 후미에 추돌해 사망 [유발요인] 근로자와 작업차량 간 『혼재작업 장소에서 근로자 이동과 작업차량 운행을 통제하지 않은 상태』에서 근로자가 작업차량에 부딪히나 깔림 또는 주변 구조물과 작업차량 사이에 끼임 [대책] ▶ 지게차 이용 중량물 취급에 대한 작업계획서 작성(작업방법, 운행경로, 근로자와 지게차 혼재 작업 여부 등)
▶ 혼재 작업 시 작업지휘자 또는 유도자 배치",,,국가및지방자치단체의사업,
제조업,,2017년 7월 경 수출포장 목상자 조립공장에서 재해자가 목상자 조립을 보조하던 중 동료 근로자가 들고 있던 목공용 타정기(에어타카)에서 못이 발사되어 머리에 맞고 사망,수공구(에어타카),그라인더 등 수공구를 사용하는 작업,"『설비를 오조작』하여 갑자기 작동한 설비의 구동부에 끼이거나 말림, 절단","▶ 설비 조작스위치, 판넬 등에 조작 스위치의 기능(정지, 작동, 수동, 반자동, 자동, 역회전 등) 표시
▶ 생산 설비의 불시 가동을 방지하기 위한 LOTO(Lock Out_잠금장치, Tag Out_점검 중 꼬리표)제도 시행
▶ 작업자간 의사소통 방안 수립 및 실시","2017년 7월 경 수출포장 목상자 조립공장에서 재해자가 목상자 조립을 보조하던 중 동료 근로자가 들고 있던 목공용 타정기(에어타카)에서 못이 발사되어 머리에 맞고 사망 [유발요인] 『설비를 오조작』하여 갑자기 작동한 설비의 구동부에 끼이거나 말림, 절단 [대책] ▶ 설비 조작스위치, 판넬 등에 조작 스위치의 기능(정지, 작동, 수동, 반자동, 자동, 역회전 등) 표시
▶ 생산 설비의 불시 가동을 방지하기 위한 LOTO(Lock Out_잠금장치, Tag Out_점검 중 꼬리표)제도 시행
▶ 작업자간 의사소통 방안 수립 및 실시",,,목재및종이제품제조업,
제조업,,2017년 5월경 사업장내에서 재해자가 설비가 가동중인 상태에서 자동압접기 용접부 전면에 들어가 그레이팅 용접부 점검을 확인하던 중 자동압접기 이송롤과 이송대차 전면 취출부에 상체가 압박되어 사망,이동대차,비정형 작업(점검),"『주변 설비의 움직임을 인지하지 못하거나, 안전거리를 확보하지 않고 작업』 하여 작동하는 설비에 부딪히거나, 말림·끼임","▶ 같은 장소에서 이루어지는 도급인과 수급인의 작업 혼재 시 재해 발생 예방을 위한 의사 전달 체계 수립
▶ 안전작업허가제도로 작업 전·중·후 안전확보 상태 지속 확인","2017년 5월경 사업장내에서 재해자가 설비가 가동중인 상태에서 자동압접기 용접부 전면에 들어가 그레이팅 용접부 점검을 확인하던 중 자동압접기 이송롤과 이송대차 전면 취출부에 상체가 압박되어 사망 [유발요인] 『주변 설비의 움직임을 인지하지 못하거나, 안전거리를 확보하지 않고 작업』 하여 작동하는 설비에 부딪히거나, 말림·끼임 [대책] ▶ 같은 장소에서 이루어지는 도급인과 수급인의 작업 혼재 시 재해 발생 예방을 위한 의사 전달 체계 수립
▶ 안전작업허가제도로 작업 전·중·후 안전확보 상태 지속 확인",,,기계기구·금속·비금속광물제품제조업,
제조업,,2017년 9월경 작업장내에서 지게차 운전자가 지게차로 파렛트 2단높이(2m) 이적작업을 하던 중 전방 시야가 확보되지 않아 앞에 있던 재해자를 충격하여 사망,지게차,지게차를 사용하는 작업,운반하는 물체 또는 주변 구조물 등에 의해 『설비 조작자의 시야가 확보되지 않은 상태에서 운반』하여 다른 구조물에 부딪히거나 그 사이에 끼임,"▶ 이송방향 전면에서 조작 및 시야 확보가 가능한 정도의 물량 운반
▶ 신호수를 배치하여 신호에 따라 운반작업 실시","2017년 9월경 작업장내에서 지게차 운전자가 지게차로 파렛트 2단높이(2m) 이적작업을 하던 중 전방 시야가 확보되지 않아 앞에 있던 재해자를 충격하여 사망 [유발요인] 운반하는 물체 또는 주변 구조물 등에 의해 『설비 조작자의 시야가 확보되지 않은 상태에서 운반』하여 다른 구조물에 부딪히거나 그 사이에 끼임 [대책] ▶ 이송방향 전면에서 조작 및 시야 확보가 가능한 정도의 물량 운반
▶ 신호수를 배치하여 신호에 따라 운반작업 실시",,,기계기구·금속·비금속광물제품제조업,
제조업,,2017년 9월경 5톤 천장크레인을 사용하여 화물을 운반하던 중 화물이 줄걸이용구(와이어로프 슬링)에서 이탈하여 근처에서 청소작업중이던 재해자를 충격하여 사망,줄걸이기구(훅),"크레인(천장주행, 갠트리, 지브 등) 사용 작업",훅해지장치가 없는 등 『줄걸이가 훅에서 이탈』해 떨어지는 화물에 부딪히거나 깔림,"▶ 인양하중 및 화물의 형태를 고려하여 체인블록의 훅을 선정
▶ 훅과 훅 해지장치 등을 상시 점검하여 사용하고, 이상 시 폐기 처리","2017년 9월경 5톤 천장크레인을 사용하여 화물을 운반하던 중 화물이 줄걸이용구(와이어로프 슬링)에서 이탈하여 근처에서 청소작업중이던 재해자를 충격하여 사망 [유발요인] 훅해지장치가 없는 등 『줄걸이가 훅에서 이탈』해 떨어지는 화물에 부딪히거나 깔림 [대책] ▶ 인양하중 및 화물의 형태를 고려하여 체인블록의 훅을 선정
▶ 훅과 훅 해지장치 등을 상시 점검하여 사용하고, 이상 시 폐기 처리",,,기계기구·금속·비금속광물제품제조업,
제조업,,2017년 12월경 야적장에서 재해자가 지게차로 작업을 위해 포크에 적재된 콘크리트 블록 위에 나무 각목을 올려놓는 작업을 수행하던 중 평탄치 않은 지면으로 인해 지게차가 이동하면서 적재된 콘크리트 블록이 재해자를 충격하여 사망,지게차,지게차를 사용하는 작업,"작업차량이 『운행경로 상의 지형(급경사, 커브, 바닥의 요철, 지반 등) 또는 구조물』로 인해 떨어지거나 넘어지면서 그 아래 깔림","▶ 주·정차 시 불시 이동방지를 위한 브레이크, 고임목 체결 철저
▶ 작업장 내 바닥 평탄화 및 제한속도 준수
▶ 지게차 운전자격이 있는 지정자에 한해 운전 및 시동키 관리","2017년 12월경 야적장에서 재해자가 지게차로 작업을 위해 포크에 적재된 콘크리트 블록 위에 나무 각목을 올려놓는 작업을 수행하던 중 평탄치 않은 지면으로 인해 지게차가 이동하면서 적재된 콘크리트 블록이 재해자를 충격하여 사망 [유발요인] 작업차량이 『운행경로 상의 지형(급경사, 커브, 바닥의 요철, 지반 등) 또는 구조물』로 인해 떨어지거나 넘어지면서 그 아래 깔림 [대책] ▶ 주·정차 시 불시 이동방지를 위한 브레이크, 고임목 체결 철저
▶ 작업장 내 바닥 평탄화 및 제한속도 준수
▶ 지게차 운전자격이 있는 지정자에 한해 운전 및 시동키 관리",,,기계기구·금속·비금속광물제품제조업,
제조업,,2017년 12월 인쇄공장에서 재해자가 옵셋 인쇄기 전면 유닛의 이물질 제거 작업 중 착용하고 있던 점퍼의 모자가 유닛 회전롤러에 말림,생산설비(옵셋 인쇄기),비정형 작업(이물질 제거·청소),『설비를 정지시키지 않거나 전원을 차단하지 않은 상태』에서 정비·보수·청소 등의 작업을 하다가 끼이거나 말림,"▶ 설비 가동중 이물질 제거 등이 발생할 수 있는 생산작업을 분석하고 근원적 접근방지대책 수립
▶ 끼임재해 우려가 있어 가동정지 후 작업이 필요한 설비 목록화→LOTO(Lock Out,  Tag Out) 대상 확정·시행 
▶ 작업 절차에 대해 근로자 교육실시","2017년 12월 인쇄공장에서 재해자가 옵셋 인쇄기 전면 유닛의 이물질 제거 작업 중 착용하고 있던 점퍼의 모자가 유닛 회전롤러에 말림 [유발요인] 『설비를 정지시키지 않거나 전원을 차단하지 않은 상태』에서 정비·보수·청소 등의 작업을 하다가 끼이거나 말림 [대책] ▶ 설비 가동중 이물질 제거 등이 발생할 수 있는 생산작업을 분석하고 근원적 접근방지대책 수립
▶ 끼임재해 우려가 있어 가동정지 후 작업이 필요한 설비 목록화→LOTO(Lock Out,  Tag Out) 대상 확정·시행 
▶ 작업 절차에 대해 근로자 교육실시",,,출판·인쇄·제본업,
기타의사업,,2017년 11월경 발전소에서 재해자가 단로기 수리교체 보조작업을 하던 중 충전부에 접촉되어 사망,전기충전부,전기설비 취급 작업,『전원을 차단하지 않은 상태』에서 노출된 충전부에 접촉하여 감전,"▶ 정전작업 후 전기점검 및 조작 실시
▶ 활선작업용기구·장치  사용 및 절연용 보호구 착용","2017년 11월경 발전소에서 재해자가 단로기 수리교체 보조작업을 하던 중 충전부에 접촉되어 사망 [유발요인] 『전원을 차단하지 않은 상태』에서 노출된 충전부에 접촉하여 감전 [대책] ▶ 정전작업 후 전기점검 및 조작 실시
▶ 활선작업용기구·장치  사용 및 절연용 보호구 착용",,,기타의각종사업,
기타의사업,,2017년 2월경 축분혼합공공처리시설 협잡물 종합처리기 저류탱크에서 재해자가 탱크 바닥에 쓰러진채로 사망,유해가스(황화수소),"피트, 맨홀, 오·폐수 처리시설 등 밀폐된 장소에서 작업",『산소·가소농도 미측정 및 송풍기를 이용한 강제환기 미실시』로 불활성 가스 또는 유해가스에 의한 산소결핍·질식·중독,"▶ 가스농도측정기로 적정공기 상태 선 확인
▶ 환기팬 등으로 환기 실시 후 작업을 실시
▶ 밀폐공간 출입금지 위험 표시","2017년 2월경 축분혼합공공처리시설 협잡물 종합처리기 저류탱크에서 재해자가 탱크 바닥에 쓰러진채로 사망 [유발요인] 『산소·가소농도 미측정 및 송풍기를 이용한 강제환기 미실시』로 불활성 가스 또는 유해가스에 의한 산소결핍·질식·중독 [대책] ▶ 가스농도측정기로 적정공기 상태 선 확인
▶ 환기팬 등으로 환기 실시 후 작업을 실시
▶ 밀폐공간 출입금지 위험 표시",,,시설관리및사업지원서비스업,
기타의사업,,2016년 2월경 작업장에서 재해자가 지게차에 적재된 화물(유로폼) 적재 작업을 보조하던 중 화물(유로폼)이 떨어지면서 재해자를 덮쳐 두부 손상,적재물(유로폼),상하차 작업 또는 적재된 화물,『화물 또는 화물을 지지하던 물체가 파손』되는 등 화물이 무너지면서 그 아래 깔림,"▶ 깔림 방지를 위해 중량물 제거 후 작업
▶ 중량물 지지대 설치 후 수리·교체작업 실시","2016년 2월경 작업장에서 재해자가 지게차에 적재된 화물(유로폼) 적재 작업을 보조하던 중 화물(유로폼)이 떨어지면서 재해자를 덮쳐 두부 손상 [유발요인] 『화물 또는 화물을 지지하던 물체가 파손』되는 등 화물이 무너지면서 그 아래 깔림 [대책] ▶ 깔림 방지를 위해 중량물 제거 후 작업
▶ 중량물 지지대 설치 후 수리·교체작업 실시",,,도소매·음식·숙박업,
임업,,2017년 OO산 벌목현장에서 재해자가 벌목한 벌도목이 주변 수관에 걸리면서 뒤에 있던 고사목이 부러지면서 재해자를 덮쳐 사망,나무(벌도목),벌목·조재 작업,"『벌도목이 의도하지 않은 방향으로 쓰러지거나, 주변 장애물에 걸려』 작업자 방향으로 쓰러지면서 안면 또는 머리를 가격(부딪힘)","▶ 벌목 작업 시에는 사전에 대피장소를 정하여 작업 실시
▶ 충분한 안전거리를 확보하여, 다른 작업자와 동시에 작업 금지","2017년 OO산 벌목현장에서 재해자가 벌목한 벌도목이 주변 수관에 걸리면서 뒤에 있던 고사목이 부러지면서 재해자를 덮쳐 사망 [유발요인] 『벌도목이 의도하지 않은 방향으로 쓰러지거나, 주변 장애물에 걸려』 작업자 방향으로 쓰러지면서 안면 또는 머리를 가격(부딪힘) [대책] ▶ 벌목 작업 시에는 사전에 대피장소를 정하여 작업 실시
▶ 충분한 안전거리를 확보하여, 다른 작업자와 동시에 작업 금지",,,임업,
제조업,,2016년 6월경 야적장에서 재해자가 H빔 권상을 위해 줄걸이 작업 시 샤클을 상승하던 중 작업발판에 걸렸던 샤클이 빠지면서 안면을 강타하여 사망,줄걸이기구(샤클),"크레인(천장주행, 갠트리, 지브 등) 사용 작업",훅해지장치가 없는 등 『줄걸이가 훅에서 이탈』해 떨어지는 화물에 부딪히거나 깔림,"▶ 인양하중 및 화물의 형태를 고려하여 체인블록의 훅을 선정
▶ 훅과 훅 해지장치 등을 상시 점검하여 사용하고, 이상 시 폐기 처리","2016년 6월경 야적장에서 재해자가 H빔 권상을 위해 줄걸이 작업 시 샤클을 상승하던 중 작업발판에 걸렸던 샤클이 빠지면서 안면을 강타하여 사망 [유발요인] 훅해지장치가 없는 등 『줄걸이가 훅에서 이탈』해 떨어지는 화물에 부딪히거나 깔림 [대책] ▶ 인양하중 및 화물의 형태를 고려하여 체인블록의 훅을 선정
▶ 훅과 훅 해지장치 등을 상시 점검하여 사용하고, 이상 시 폐기 처리",,,기계기구·금속·비금속광물제품제조업,
제조업,,2017년 8월 미곡처리장에서 사일로 청소작업을 하던 재해자가 사일로 배출부 스크류컨베이어에 신체 일부가 말림,컨베이어,비정형 작업(이물질 제거·청소),『설비를 정지시키지 않거나 전원을 차단하지 않은 상태』에서 정비·보수·청소 등의 작업을 하다가 끼이거나 말림,"▶ 설비 가동중 이물질 제거 등이 발생할 수 있는 생산작업을 분석하고 근원적 접근방지대책 수립
▶ 끼임재해 우려가 있어 가동정지 후 작업이 필요한 설비 목록화→LOTO(Lock Out,  Tag Out) 대상 확정·시행 
▶ 작업 절차에 대해 근로자 교육실시","2017년 8월 미곡처리장에서 사일로 청소작업을 하던 재해자가 사일로 배출부 스크류컨베이어에 신체 일부가 말림 [유발요인] 『설비를 정지시키지 않거나 전원을 차단하지 않은 상태』에서 정비·보수·청소 등의 작업을 하다가 끼이거나 말림 [대책] ▶ 설비 가동중 이물질 제거 등이 발생할 수 있는 생산작업을 분석하고 근원적 접근방지대책 수립
▶ 끼임재해 우려가 있어 가동정지 후 작업이 필요한 설비 목록화→LOTO(Lock Out,  Tag Out) 대상 확정·시행 
▶ 작업 절차에 대해 근로자 교육실시",,,식료품제조업,
제조업,,2017년 6월 식품공장 내 폐수차리장에서 재해자가 폐수처리설비의 정상작동 유무를 확인하기 위하여 폐수처리장 내부에 들어가 점검 중 반응조 작업발판 위에 쓰러진 상태로 발견됨,유해가스(황화수소),"피트, 맨홀, 오·폐수 처리시설 등 밀폐된 장소에서 작업",『산소·가소농도 미측정 및 송풍기를 이용한 강제환기 미실시』로 불활성 가스 또는 유해가스에 의한 산소결핍·질식·중독,"▶ 가스농도측정기로 적정공기 상태 선 확인
▶ 환기팬 등으로 환기 실시 후 작업을 실시
▶ 밀폐공간 출입금지 위험 표시","2017년 6월 식품공장 내 폐수차리장에서 재해자가 폐수처리설비의 정상작동 유무를 확인하기 위하여 폐수처리장 내부에 들어가 점검 중 반응조 작업발판 위에 쓰러진 상태로 발견됨 [유발요인] 『산소·가소농도 미측정 및 송풍기를 이용한 강제환기 미실시』로 불활성 가스 또는 유해가스에 의한 산소결핍·질식·중독 [대책] ▶ 가스농도측정기로 적정공기 상태 선 확인
▶ 환기팬 등으로 환기 실시 후 작업을 실시
▶ 밀폐공간 출입금지 위험 표시",,,식료품제조업,
제조업,,2017년 8월경 벽돌제조작업공정 양생실에서 문을 개폐하기 위한 윈치와이어로프 보수작업을 하던 중 와이어로프 결속부가 풀려 상부에 있던 문이 하강하면서 재해자를 타격하여 사망,기타 설비(양생실 문/샌드위치 판넬),비정형 작업(정비·보수),『매달아 올리거나 적재 상태가 불량한 물체』가 떨어지거나 무너지면서 맞거나 깔림,"▶ 주변의 중량물로 인한 깔림 방지를 위해 중량물 제거 후 작업
▶ 중량물 지지대 설치 후 수리·교체작업 실시","2017년 8월경 벽돌제조작업공정 양생실에서 문을 개폐하기 위한 윈치와이어로프 보수작업을 하던 중 와이어로프 결속부가 풀려 상부에 있던 문이 하강하면서 재해자를 타격하여 사망 [유발요인] 『매달아 올리거나 적재 상태가 불량한 물체』가 떨어지거나 무너지면서 맞거나 깔림 [대책] ▶ 주변의 중량물로 인한 깔림 방지를 위해 중량물 제거 후 작업
▶ 중량물 지지대 설치 후 수리·교체작업 실시",,,기계기구·금속·비금속광물제품제조업,
임업,,2017년 7월경 OO산 숲가꾸기현장에서 바닥에 방치된 벌도목 위로 동료작업자가 벌목한 벌도목이 떨어지면서 튀어올라 기계톱을 정비하던 재해자의 얼굴을 강타해 사망,나무(벌도목),벌목·조재 작업,"『주변 구조물에 걸려있던 나무(벌도목, 조재목 등)』 가 작업상황에 의해 무게중심이 변하면서 떨어지거나 지렛대처럼 튀어올라 얼굴을 맞음","▶ 벌목 작업 전 주변 나무에 걸려있는 나무를 확인하여 주변에서 작업 금지
▶ 충분한 안전거리를 확보하여, 다른 작업자와 동시에 작업 금지","2017년 7월경 OO산 숲가꾸기현장에서 바닥에 방치된 벌도목 위로 동료작업자가 벌목한 벌도목이 떨어지면서 튀어올라 기계톱을 정비하던 재해자의 얼굴을 강타해 사망 [유발요인] 『주변 구조물에 걸려있던 나무(벌도목, 조재목 등)』 가 작업상황에 의해 무게중심이 변하면서 떨어지거나 지렛대처럼 튀어올라 얼굴을 맞음 [대책] ▶ 벌목 작업 전 주변 나무에 걸려있는 나무를 확인하여 주변에서 작업 금지
▶ 충분한 안전거리를 확보하여, 다른 작업자와 동시에 작업 금지",,,임업,
임업,,2017년 7월 OO산에서 벌목작업을 하던 재해자가 벌도목에 머리를 맞고 사망,나무(벌도목),벌목·조재 작업,"『벌도목이 의도하지 않은 방향으로 쓰러지거나, 주변 장애물에 걸려』 작업자 방향으로 쓰러지면서 안면 또는 머리를 가격(부딪힘)","▶ 벌목 작업 시에는 사전에 대피장소를 정하여 작업 실시
▶ 충분한 안전거리를 확보하여, 다른 작업자와 동시에 작업 금지","2017년 7월 OO산에서 벌목작업을 하던 재해자가 벌도목에 머리를 맞고 사망 [유발요인] 『벌도목이 의도하지 않은 방향으로 쓰러지거나, 주변 장애물에 걸려』 작업자 방향으로 쓰러지면서 안면 또는 머리를 가격(부딪힘) [대책] ▶ 벌목 작업 시에는 사전에 대피장소를 정하여 작업 실시
▶ 충분한 안전거리를 확보하여, 다른 작업자와 동시에 작업 금지",,,임업,
제조업,,2017년 2월경 재해자가 시동이 켜진 상태에서 지게차운전석을 이탈하여 야적장 적치장소의 바닥상태를 확인하고 있는 동안 지게차가 스스로 움직이면서 재해자를 충격하여 사망,지게차,지게차를 사용하는 작업,『운전석 이탈 시 작업차량이 움직이는 것을 방지하기 위한 조치를 실시하지 않아』 운전자 없이 움직이는 작업차량에 부딪히거나 깔림,"▶ 운전석에서 이탈 시 확실히 정지 조치 실시
▶ 이탈 시에는 시동키를 분리하여 별도 보관하여 무자격자 등이 운전하지 못하도록 조치","2017년 2월경 재해자가 시동이 켜진 상태에서 지게차운전석을 이탈하여 야적장 적치장소의 바닥상태를 확인하고 있는 동안 지게차가 스스로 움직이면서 재해자를 충격하여 사망 [유발요인] 『운전석 이탈 시 작업차량이 움직이는 것을 방지하기 위한 조치를 실시하지 않아』 운전자 없이 움직이는 작업차량에 부딪히거나 깔림 [대책] ▶ 운전석에서 이탈 시 확실히 정지 조치 실시
▶ 이탈 시에는 시동키를 분리하여 별도 보관하여 무자격자 등이 운전하지 못하도록 조치",,,기계기구·금속·비금속광물제품제조업,
기타의사업,,2017년 9월경 재해자가 천장주행 크레인 아래로 지나가던 중 인양중인 파이프가 떨어지면서 재해자의 얼굴을 가격해 사망,크레인(천장주행크레인),"크레인(천장주행, 갠트리, 지브 등) 사용 작업",『운반하는 화물의 형태에 적합하지 않은 줄걸이 방법을 사용』하여 화물의 균형이 맞지 않은 상태에서 무리하게 인양하다가 화물이 떨어지면서 부딪히거나 그 아래 깔림,"▶ 섬유슬링 벨트 폐기(관리) 기준을 마련하여 중량물 취급 작업계획서에 포함
▶ 폐기조건 발생 시 근로자가 자발적으로 점검하여 즉시 폐기 요청 할 수 있는 사내 안전문화 정착","2017년 9월경 재해자가 천장주행 크레인 아래로 지나가던 중 인양중인 파이프가 떨어지면서 재해자의 얼굴을 가격해 사망 [유발요인] 『운반하는 화물의 형태에 적합하지 않은 줄걸이 방법을 사용』하여 화물의 균형이 맞지 않은 상태에서 무리하게 인양하다가 화물이 떨어지면서 부딪히거나 그 아래 깔림 [대책] ▶ 섬유슬링 벨트 폐기(관리) 기준을 마련하여 중량물 취급 작업계획서에 포함
▶ 폐기조건 발생 시 근로자가 자발적으로 점검하여 즉시 폐기 요청 할 수 있는 사내 안전문화 정착",,,기타의각종사업,
제조업,,2017년 5월경 OO사업장 선박 제조공정에서 크레인으로 제품을 운반하는 중 타 설비에 간섭되어 설비가 넘어지며 아래에서 작업 중인 근로자를 덮쳐 다수의 근로자가 사망,크레인(갠트리크레인),"크레인(천장주행, 갠트리, 지브 등) 사용 작업",작업자 간 『작업 상황에 대해 의사소통을 하지 않고 작업』을 실시해 운반하는 물체에 부딪히거나 깔림 또는 주변 구조물과 운반하는 물체 사이에 끼임,"▶ 작업자 간 신호체계 통일 및 숙지 조치
▶ 중량물 취급 시 보조운반기구 사용","2017년 5월경 OO사업장 선박 제조공정에서 크레인으로 제품을 운반하는 중 타 설비에 간섭되어 설비가 넘어지며 아래에서 작업 중인 근로자를 덮쳐 다수의 근로자가 사망 [유발요인] 작업자 간 『작업 상황에 대해 의사소통을 하지 않고 작업』을 실시해 운반하는 물체에 부딪히거나 깔림 또는 주변 구조물과 운반하는 물체 사이에 끼임 [대책] ▶ 작업자 간 신호체계 통일 및 숙지 조치
▶ 중량물 취급 시 보조운반기구 사용",,,선박건조및수리업,
제조업,,"2017년 10월경 염색공장내에서 재해자와 동료가 고소작업대에 탑승하여 천장주행크레인 호이스트 해체작업 중 천장주행크레인이 레일에서 이탈하여 고소작업대와 함께 넘어지면서 2명 사상(1명 사망, 1명 부상)",고소작업대(시저형/렌탈),고소작업대 사용 작업,『작업대를 상승시킨 상태에서 이동하거나 작업중 변하는 무게중심』에 의해 고소작업대가 넘어지면서 작업자가 떨어짐,"▶ 고소작업대 작업발판 주변 안전난간 수리
▶ 작업발판 외부로 신체 이탈작업 금지","2017년 10월경 염색공장내에서 재해자와 동료가 고소작업대에 탑승하여 천장주행크레인 호이스트 해체작업 중 천장주행크레인이 레일에서 이탈하여 고소작업대와 함께 넘어지면서 2명 사상(1명 사망, 1명 부상) [유발요인] 『작업대를 상승시킨 상태에서 이동하거나 작업중 변하는 무게중심』에 의해 고소작업대가 넘어지면서 작업자가 떨어짐 [대책] ▶ 고소작업대 작업발판 주변 안전난간 수리
▶ 작업발판 외부로 신체 이탈작업 금지",,,기계기구·금속·비금속광물제품제조업,
제조업,,2017년 4월경 OO사업장 선박 내부에서 재해자가 선박 내 탱크 점검을 하던 중 사망,분류 불가,비정형 작업(점검),『산소·가소농도 미측정 및 송풍기를 이용한 강제환기 미실시』로 불활성 가스 또는 유해가스에 의한 산소결핍·질식·중독,"▶ 가스농도측정기로 적정공기 상태 선 확인
▶ 환기팬 등으로 환기 실시 후 작업을 실시
▶ 밀폐공간 출입금지 위험 표시","2017년 4월경 OO사업장 선박 내부에서 재해자가 선박 내 탱크 점검을 하던 중 사망 [유발요인] 『산소·가소농도 미측정 및 송풍기를 이용한 강제환기 미실시』로 불활성 가스 또는 유해가스에 의한 산소결핍·질식·중독 [대책] ▶ 가스농도측정기로 적정공기 상태 선 확인
▶ 환기팬 등으로 환기 실시 후 작업을 실시
▶ 밀폐공간 출입금지 위험 표시",,,선박건조및수리업,
제조업,,2017년 1월경 공장동입구에서 동료1이 운전하는 지게차에 화물이 흔들리지 않도록 재해자와 동료2가 화물 양쪽에서 잡고 바닥에 내리던 중 포크에 실린 화물이 넘어지면서 재해자를 충격하여 사망,운반물(SWAGING MACHINE),지게차를 사용하는 작업,『화물의 무게가 한쪽으로 치우쳐진 상태 등』 적재상태가 불량한 화물이 무너지면서 맞거나 깔림,"▶ 전도·낙하 방지를 위해 중량물 제거 후 작업
▶ 중량물 고정 실시 후 수리작업 실시","2017년 1월경 공장동입구에서 동료1이 운전하는 지게차에 화물이 흔들리지 않도록 재해자와 동료2가 화물 양쪽에서 잡고 바닥에 내리던 중 포크에 실린 화물이 넘어지면서 재해자를 충격하여 사망 [유발요인] 『화물의 무게가 한쪽으로 치우쳐진 상태 등』 적재상태가 불량한 화물이 무너지면서 맞거나 깔림 [대책] ▶ 전도·낙하 방지를 위해 중량물 제거 후 작업
▶ 중량물 고정 실시 후 수리작업 실시",,,기계기구·금속·비금속광물제품제조업,
제조업,,2017년 11월경 제작중인 압력용기가 올려져 있는 터닝롤러의 위치를 조정하기 위하여 천장주행 크레인에 체인슬링을 연결하여 들어올리는 과정에서 파단된 체인슬링이 재해자 머리를 강타하여 사망,크레인(천장주행크레인),"크레인(천장주행, 갠트리, 지브 등) 사용 작업",『운반하는 화물의 형태에 적합하지 않은 줄걸이 방법을 사용』하여 화물의 균형이 맞지 않은 상태에서 무리하게 인양하다가 화물이 떨어지면서 부딪히거나 그 아래 깔림,"▶ 섬유슬링 벨트 폐기(관리) 기준을 마련하여 중량물 취급 작업계획서에 포함
▶ 폐기조건 발생 시 근로자가 자발적으로 점검하여 즉시 폐기 요청 할 수 있는 사내 안전문화 정착","2017년 11월경 제작중인 압력용기가 올려져 있는 터닝롤러의 위치를 조정하기 위하여 천장주행 크레인에 체인슬링을 연결하여 들어올리는 과정에서 파단된 체인슬링이 재해자 머리를 강타하여 사망 [유발요인] 『운반하는 화물의 형태에 적합하지 않은 줄걸이 방법을 사용』하여 화물의 균형이 맞지 않은 상태에서 무리하게 인양하다가 화물이 떨어지면서 부딪히거나 그 아래 깔림 [대책] ▶ 섬유슬링 벨트 폐기(관리) 기준을 마련하여 중량물 취급 작업계획서에 포함
▶ 폐기조건 발생 시 근로자가 자발적으로 점검하여 즉시 폐기 요청 할 수 있는 사내 안전문화 정착",,,기계기구·금속·비금속광물제품제조업,
제조업,,2017년 11월 사형작업장에서 도형제 도포작업을 하던 중 동료 작업자가 운행하던 지게차가 주변에 4단으로 적재된 주형상자와 부딪혔고 주형상자가 넘어지면서 주변에서 작업중인 재해자를 덮쳐 사망,지게차,혼재작업(작업자-작업차량),근로자와 작업차량 간 『혼재작업 장소에서 근로자 이동과 작업차량 운행을 통제하지 않은 상태』에서 근로자가 작업차량에 부딪히나 깔림 또는 주변 구조물과 작업차량 사이에 끼임,"▶ 지게차 이용 중량물 취급에 대한 작업계획서 작성(작업방법, 운행경로, 근로자와 지게차 혼재 작업 여부 등)
▶ 혼재 작업 시 작업지휘자 또는 유도자 배치","2017년 11월 사형작업장에서 도형제 도포작업을 하던 중 동료 작업자가 운행하던 지게차가 주변에 4단으로 적재된 주형상자와 부딪혔고 주형상자가 넘어지면서 주변에서 작업중인 재해자를 덮쳐 사망 [유발요인] 근로자와 작업차량 간 『혼재작업 장소에서 근로자 이동과 작업차량 운행을 통제하지 않은 상태』에서 근로자가 작업차량에 부딪히나 깔림 또는 주변 구조물과 작업차량 사이에 끼임 [대책] ▶ 지게차 이용 중량물 취급에 대한 작업계획서 작성(작업방법, 운행경로, 근로자와 지게차 혼재 작업 여부 등)
▶ 혼재 작업 시 작업지휘자 또는 유도자 배치",,,전기기계기구·정밀기구·전자제품제조업,
제조업,,2017년 3월경 재해자가 산업용로봇으로 스폿용접을 하기 위해 로봇을 기동시키는 작업 중 산업용로봇과 지그사이에 머리가 끼인채 사망,산업용로봇,비정형 작업(시운전),보호구를 착용하지 않은 상태에서 『튕겨나온 가공날 또는 가공물』에 눈을 찔리거나 머리를 맞음,"▶ 선반가공 시 척, 방진구 및 심압대 체결상태 확인 및 갇독 철저
▶ 칩 브레이커 등 설치·사용
▶ 보안경/보안면 등 안면보호구 착용","2017년 3월경 재해자가 산업용로봇으로 스폿용접을 하기 위해 로봇을 기동시키는 작업 중 산업용로봇과 지그사이에 머리가 끼인채 사망 [유발요인] 보호구를 착용하지 않은 상태에서 『튕겨나온 가공날 또는 가공물』에 눈을 찔리거나 머리를 맞음 [대책] ▶ 선반가공 시 척, 방진구 및 심압대 체결상태 확인 및 갇독 철저
▶ 칩 브레이커 등 설치·사용
▶ 보안경/보안면 등 안면보호구 착용",,,기계기구·금속·비금속광물제품제조업,
제조업,,2017년 8월경 작업장에서 재해자가 그라인더를 사용하여 펌프 케이싱 사상 작업을 하던 중 인접에 있던 불류트 케이싱(8톤)이 굴러 넘어지면서 재해자를 충격하여 사망,적재물(볼류트 케이싱),그라인더 등 수공구를 사용하는 작업,『매달아 올리거나 적재 상태가 불량한 물체』가 떨어지거나 무너지면서 맞거나 깔림,"▶ 주변의 중량물로 인한 깔림 방지를 위해 중량물 제거 후 작업
▶ 중량물 지지대 설치 후 수리·교체작업 실시","2017년 8월경 작업장에서 재해자가 그라인더를 사용하여 펌프 케이싱 사상 작업을 하던 중 인접에 있던 불류트 케이싱(8톤)이 굴러 넘어지면서 재해자를 충격하여 사망 [유발요인] 『매달아 올리거나 적재 상태가 불량한 물체』가 떨어지거나 무너지면서 맞거나 깔림 [대책] ▶ 주변의 중량물로 인한 깔림 방지를 위해 중량물 제거 후 작업
▶ 중량물 지지대 설치 후 수리·교체작업 실시",,,기계기구·금속·비금속광물제품제조업,
기타의사업,,2017년 3월경 제어실에서 재해자가 스팀인입 메인밸브 개방작업을 하던 중 연결부가 파괴되어 스팀으로 인해 사망,고온물질(스팀),위험물질 취급 또는 그 장소에서 수행하는 작업,『취급하는 물질이 배관·호스·용기 등에서 누출』되어 화학물질 접촉·질식 또는 화재·폭발,"▶ 위험물질에 대한 MSDS 비치 및 근로자 교육
▶ 공급원재료의 종류, 공급되는 설비명 표시
▶ 가스검지 및 경보장치·긴급차단장치 및 방유제 설치","2017년 3월경 제어실에서 재해자가 스팀인입 메인밸브 개방작업을 하던 중 연결부가 파괴되어 스팀으로 인해 사망 [유발요인] 『취급하는 물질이 배관·호스·용기 등에서 누출』되어 화학물질 접촉·질식 또는 화재·폭발 [대책] ▶ 위험물질에 대한 MSDS 비치 및 근로자 교육
▶ 공급원재료의 종류, 공급되는 설비명 표시
▶ 가스검지 및 경보장치·긴급차단장치 및 방유제 설치",,,시설관리및사업지원서비스업,
임업,,2017년 9월경 재해자가 예초작업 중 예초기로 말벌집을 건드려 말벌에 머리(2곳)와 양팔(각 1곳)이 쏘여 병원으로 이송 후 치료받던 중 사망,독충(말벌),조경·제초작업,『작업장소 인근 독충·독사·벌·진드기』등에 물릴 위험,"▶ 작업 시 긴소매, 긴바지의 작업복을 착용하여 작업 실시
▶ 작업 시작 전 주변의 위험요소를 확인 후 위험요인을 제거 후 작업 실시","2017년 9월경 재해자가 예초작업 중 예초기로 말벌집을 건드려 말벌에 머리(2곳)와 양팔(각 1곳)이 쏘여 병원으로 이송 후 치료받던 중 사망 [유발요인] 『작업장소 인근 독충·독사·벌·진드기』등에 물릴 위험 [대책] ▶ 작업 시 긴소매, 긴바지의 작업복을 착용하여 작업 실시
▶ 작업 시작 전 주변의 위험요소를 확인 후 위험요인을 제거 후 작업 실시",,,임업,
기타의사업,,2017년 10월경 재해자가 벌목작업을 하던 중 벌목한 벌도목이 재해자를 덮쳐 사망,나무(벌도목),벌목·조재 작업,"『벌도목이 의도하지 않은 방향으로 쓰러지거나, 주변 장애물에 걸려』 작업자 방향으로 쓰러지면서 안면 또는 머리를 가격(부딪힘)","▶ 벌목 작업 시에는 사전에 대피장소를 정하여 작업 실시
▶ 충분한 안전거리를 확보하여, 다른 작업자와 동시에 작업 금지","2017년 10월경 재해자가 벌목작업을 하던 중 벌목한 벌도목이 재해자를 덮쳐 사망 [유발요인] 『벌도목이 의도하지 않은 방향으로 쓰러지거나, 주변 장애물에 걸려』 작업자 방향으로 쓰러지면서 안면 또는 머리를 가격(부딪힘) [대책] ▶ 벌목 작업 시에는 사전에 대피장소를 정하여 작업 실시
▶ 충분한 안전거리를 확보하여, 다른 작업자와 동시에 작업 금지",,,국가및지방자치단체의사업,
제조업,,2017년 6월경 옥외작업장에서 재해자가 H-Beam을 파이프형 수공구를 사용하여 눕히는 작업을 하던 중 화물이 반동으로 원 위치로 되돌아 오면서 끼워져 있던 수공구 손잡이에 머리를 맞고 사망,수공구(공구길이 연장용 파이프),그라인더 등 수공구를 사용하는 작업,보호구를 착용하지 않은 상태에서 『튕겨나온 가공날 또는 가공물』에 눈을 찔리거나 머리를 맞음,"▶ 선반가공 시 척, 방진구 및 심압대 체결상태 확인 및 갇독 철저
▶ 칩 브레이커 등 설치·사용
▶ 보안경/보안면 등 안면보호구 착용","2017년 6월경 옥외작업장에서 재해자가 H-Beam을 파이프형 수공구를 사용하여 눕히는 작업을 하던 중 화물이 반동으로 원 위치로 되돌아 오면서 끼워져 있던 수공구 손잡이에 머리를 맞고 사망 [유발요인] 보호구를 착용하지 않은 상태에서 『튕겨나온 가공날 또는 가공물』에 눈을 찔리거나 머리를 맞음 [대책] ▶ 선반가공 시 척, 방진구 및 심압대 체결상태 확인 및 갇독 철저
▶ 칩 브레이커 등 설치·사용
▶ 보안경/보안면 등 안면보호구 착용",,,기계기구·금속·비금속광물제품제조업,
임업,,2017년 9월경 OO산 숲가꾸기현장에서 재해자가 벌목작업을 하던 중 벌도목이 인접목에 걸려 의도하지 않은 방향으로 넘어가면서 재해자를 덮쳐 사망,나무(벌도목),벌목·조재 작업,"『벌도목이 의도하지 않은 방향으로 쓰러지거나, 주변 장애물에 걸려』 작업자 방향으로 쓰러지면서 안면 또는 머리를 가격(부딪힘)","▶ 벌목 작업 시에는 사전에 대피장소를 정하여 작업 실시
▶ 충분한 안전거리를 확보하여, 다른 작업자와 동시에 작업 금지","2017년 9월경 OO산 숲가꾸기현장에서 재해자가 벌목작업을 하던 중 벌도목이 인접목에 걸려 의도하지 않은 방향으로 넘어가면서 재해자를 덮쳐 사망 [유발요인] 『벌도목이 의도하지 않은 방향으로 쓰러지거나, 주변 장애물에 걸려』 작업자 방향으로 쓰러지면서 안면 또는 머리를 가격(부딪힘) [대책] ▶ 벌목 작업 시에는 사전에 대피장소를 정하여 작업 실시
▶ 충분한 안전거리를 확보하여, 다른 작업자와 동시에 작업 금지",,,임업,
제조업,,2017년 5월 섬유공장에서 재해자가 설비(정경기 1호기와 2호기) 사이 공간을 지나가던 중 바지가 설비의(정경기 1호기) 회전축에 말림,생산설비(정경기),작업장소 통행/이동,"『이동동선 주변에 방치된 물체, 구조물 등』을 인지하지 못하고 이동하다가 부딪히거나 떨어짐","▶ 위험장소 출입금지용 방책 설치
▶ 하역운반기계 출입문에 비상등·벨 설치
▶ 위험장소에 안전보건표지 부착","2017년 5월 섬유공장에서 재해자가 설비(정경기 1호기와 2호기) 사이 공간을 지나가던 중 바지가 설비의(정경기 1호기) 회전축에 말림 [유발요인] 『이동동선 주변에 방치된 물체, 구조물 등』을 인지하지 못하고 이동하다가 부딪히거나 떨어짐 [대책] ▶ 위험장소 출입금지용 방책 설치
▶ 하역운반기계 출입문에 비상등·벨 설치
▶ 위험장소에 안전보건표지 부착",,,섬유및섬유제품제조업,
제조업,,2017년 8월 섬유공장 내 방사작업장에서 재해자가 연신기 근처에서 연신롤러 표면에 묻은 이물질을 제거하는 과정에서 신체 일부가 원사에 꼬이면서 연신롤러에 말림,생산설비(연신기),비정형 작업(이물질 제거·청소),『설비를 정지시키지 않거나 전원을 차단하지 않은 상태』에서 정비·보수·청소 등의 작업을 하다가 끼이거나 말림,"▶ 설비 가동중 이물질 제거 등이 발생할 수 있는 생산작업을 분석하고 근원적 접근방지대책 수립
▶ 끼임재해 우려가 있어 가동정지 후 작업이 필요한 설비 목록화→LOTO(Lock Out,  Tag Out) 대상 확정·시행 
▶ 작업 절차에 대해 근로자 교육실시","2017년 8월 섬유공장 내 방사작업장에서 재해자가 연신기 근처에서 연신롤러 표면에 묻은 이물질을 제거하는 과정에서 신체 일부가 원사에 꼬이면서 연신롤러에 말림 [유발요인] 『설비를 정지시키지 않거나 전원을 차단하지 않은 상태』에서 정비·보수·청소 등의 작업을 하다가 끼이거나 말림 [대책] ▶ 설비 가동중 이물질 제거 등이 발생할 수 있는 생산작업을 분석하고 근원적 접근방지대책 수립
▶ 끼임재해 우려가 있어 가동정지 후 작업이 필요한 설비 목록화→LOTO(Lock Out,  Tag Out) 대상 확정·시행 
▶ 작업 절차에 대해 근로자 교육실시",,,섬유및섬유제품제조업,
제조업,,2018년 7월경 사업장내에서 재해자가 탈지조에 탈지제(수산화나트륨 25%)를 투입하던 증 의식을 잃고 쓰러져 사망,분류 불가,위험물질 취급 또는 그 장소에서 수행하는 작업,『위험물질을 파악 및 제거하지 않은 상태』에서 작업하여 화재·폭발·누출로 인한 재해발생 위험,"▶ 위험물질에 대한 MSDS 비치 및 근로자 교육
▶ 공급원재료의 종류, 공급되는 설비명 표시
▶ 가스검지 및 경보장치·긴급차단장치 및 방유제 설치","2018년 7월경 사업장내에서 재해자가 탈지조에 탈지제(수산화나트륨 25%)를 투입하던 증 의식을 잃고 쓰러져 사망 [유발요인] 『위험물질을 파악 및 제거하지 않은 상태』에서 작업하여 화재·폭발·누출로 인한 재해발생 위험 [대책] ▶ 위험물질에 대한 MSDS 비치 및 근로자 교육
▶ 공급원재료의 종류, 공급되는 설비명 표시
▶ 가스검지 및 경보장치·긴급차단장치 및 방유제 설치",,,기계기구·금속·비금속광물제품제조업,
제조업,,2018년 5월경 작업장에서 재해자가 보호구를 착용하고 약품창고에서 시안화나트륨을 가져와 후처리조에 투입하였고 6분 후 출입구 안쪽에 쓰러져 있는 걸 발견하였으며 병원 후송 후 사망,화학물질(시안화나트륨),"피트, 맨홀, 오·폐수 처리시설 등 밀폐된 장소에서 작업","『순간적으로 다량의 유해가스, 화학물질, 낮은 산소농도에 노출』되어 산소결핍·질식·중독 위험","▶ 가스농도측정기로 적정공기 상태 선 확인
▶ 환기팬 등으로 환기 실시 후 작업을 실시
▶ 밀폐공간 출입금지 위험 표시","2018년 5월경 작업장에서 재해자가 보호구를 착용하고 약품창고에서 시안화나트륨을 가져와 후처리조에 투입하였고 6분 후 출입구 안쪽에 쓰러져 있는 걸 발견하였으며 병원 후송 후 사망 [유발요인] 『순간적으로 다량의 유해가스, 화학물질, 낮은 산소농도에 노출』되어 산소결핍·질식·중독 위험 [대책] ▶ 가스농도측정기로 적정공기 상태 선 확인
▶ 환기팬 등으로 환기 실시 후 작업을 실시
▶ 밀폐공간 출입금지 위험 표시",,,기계기구·금속·비금속광물제품제조업,
제조업,,2018년 8월 섬유공장 내에서 재해자가 카렌다기 방열판 및 전기설비 설치공사를 하던 중 히터가동부 외함에 흐르는 미세전류가 통전하여 쓰러짐(추정),생산설비(벨트카렌더),전기설비 취급 작업,"누전차단기 미설치, 접지 미실시 등으로 『설비에서 누설된 전류』에 감전","▶ 물기 또는 습기가 있는 장소 등 감전의 위험이 있는 기계기구에 접지 실시
▶ 이동형 또는 휴대형 전기기계에 누전차단기를 설치하여 감전위험 방지","2018년 8월 섬유공장 내에서 재해자가 카렌다기 방열판 및 전기설비 설치공사를 하던 중 히터가동부 외함에 흐르는 미세전류가 통전하여 쓰러짐(추정) [유발요인] 누전차단기 미설치, 접지 미실시 등으로 『설비에서 누설된 전류』에 감전 [대책] ▶ 물기 또는 습기가 있는 장소 등 감전의 위험이 있는 기계기구에 접지 실시
▶ 이동형 또는 휴대형 전기기계에 누전차단기를 설치하여 감전위험 방지",,,섬유및섬유제품제조업,
기타의사업,,2018년 9월경 맨홀 내부에서 재해자가 케이블 정리작업을 하던 중 의식을 잃고 쓰러져 사망,분류 불가,"피트, 맨홀, 오·폐수 처리시설 등 밀폐된 장소에서 작업",『산소·가소농도 미측정 및 송풍기를 이용한 강제환기 미실시』로 불활성 가스 또는 유해가스에 의한 산소결핍·질식·중독,"▶ 가스농도측정기로 적정공기 상태 선 확인
▶ 환기팬 등으로 환기 실시 후 작업을 실시
▶ 밀폐공간 출입금지 위험 표시","2018년 9월경 맨홀 내부에서 재해자가 케이블 정리작업을 하던 중 의식을 잃고 쓰러져 사망 [유발요인] 『산소·가소농도 미측정 및 송풍기를 이용한 강제환기 미실시』로 불활성 가스 또는 유해가스에 의한 산소결핍·질식·중독 [대책] ▶ 가스농도측정기로 적정공기 상태 선 확인
▶ 환기팬 등으로 환기 실시 후 작업을 실시
▶ 밀폐공간 출입금지 위험 표시",,,기타의각종사업,
제조업,,2018년 4월경 사업장에서 CNC선반 가공도중 조각이 튀어 재해자의 목에 박혀 치료중 사망,금속가공기계(CNC선반),가공 설비를 이용한 작업,보호구를 착용하지 않은 상태에서 『튕겨나온 가공날 또는 가공물』에 눈을 찔리거나 머리를 맞음,"▶ 선반가공 시 척, 방진구 및 심압대 체결상태 확인 및 갇독 철저
▶ 칩 브레이커 등 설치·사용
▶ 보안경/보안면 등 안면보호구 착용","2018년 4월경 사업장에서 CNC선반 가공도중 조각이 튀어 재해자의 목에 박혀 치료중 사망 [유발요인] 보호구를 착용하지 않은 상태에서 『튕겨나온 가공날 또는 가공물』에 눈을 찔리거나 머리를 맞음 [대책] ▶ 선반가공 시 척, 방진구 및 심압대 체결상태 확인 및 갇독 철저
▶ 칩 브레이커 등 설치·사용
▶ 보안경/보안면 등 안면보호구 착용",,,기계기구·금속·비금속광물제품제조업,
농업,,2018년 5월경 OO농장 사료 배합장에서 로더 운전자가 집게를 상승시킨 상태에서 기울어진 설비를 바로잡기 위해 밀던 중 기울어진 설비가 완전히 넘어가면서 재해자를 덮쳐 사망,적재물(설비),건설기계를 사용하는 작업,『화물의 무게가 한쪽으로 치우쳐진 상태 등』 적재상태가 불량한 화물이 무너지면서 맞거나 깔림,"▶ 전도·낙하 방지를 위해 중량물 제거 후 작업
▶ 중량물 고정 실시 후 수리작업 실시","2018년 5월경 OO농장 사료 배합장에서 로더 운전자가 집게를 상승시킨 상태에서 기울어진 설비를 바로잡기 위해 밀던 중 기울어진 설비가 완전히 넘어가면서 재해자를 덮쳐 사망 [유발요인] 『화물의 무게가 한쪽으로 치우쳐진 상태 등』 적재상태가 불량한 화물이 무너지면서 맞거나 깔림 [대책] ▶ 전도·낙하 방지를 위해 중량물 제거 후 작업
▶ 중량물 고정 실시 후 수리작업 실시",,,농업,
제조업,,2018년 7월 목재포장공장에서 재해자가 목재가공용 둥근톱기계로 합판을 재단하던 중 합판이 반달하면서 재해자의 복부를 가격,생산설비(목재가공용기계/둥근톱기계),가공 설비를 이용한 작업,"『설비에 안전장치가 설치되어 있지 않거나, 설치된 안전장치를 무력화한 상태』로 사용하던 중 말리거나 끼임","▶ 방호장치 작동불량 등 이상시 관리감독자 등에게 선보고 및 조치 후 작업 재개가 당연한 안전문화 구축　
▶ 작업 전 광전자식 방호장치 정상 여부 확인 ","2018년 7월 목재포장공장에서 재해자가 목재가공용 둥근톱기계로 합판을 재단하던 중 합판이 반달하면서 재해자의 복부를 가격 [유발요인] 『설비에 안전장치가 설치되어 있지 않거나, 설치된 안전장치를 무력화한 상태』로 사용하던 중 말리거나 끼임 [대책] ▶ 방호장치 작동불량 등 이상시 관리감독자 등에게 선보고 및 조치 후 작업 재개가 당연한 안전문화 구축　
▶ 작업 전 광전자식 방호장치 정상 여부 확인 ",,,목재및종이제품제조업,
제조업,,2018년 10월경 OO사업장 생산 공정에서 재해자가 지게차 포크를 이용하여 배관 설치 고소작업을 하던 중 아래로 떨여져 사망,지게차,지게차를 사용하는 작업,"지게차 포크, 파렛트, 굴삭기 버킷에 탑승하여 높은 장소로 승강하는 등 『설비를 주용도(하역운반장치) 외로 사용』하여 떨어짐","▶ 중량물 제작 작업 등 생산용도에 사용금지
▶ 전동교체 시 고소작업대 사용 및 운전석 외 탑승금지","2018년 10월경 OO사업장 생산 공정에서 재해자가 지게차 포크를 이용하여 배관 설치 고소작업을 하던 중 아래로 떨여져 사망 [유발요인] 지게차 포크, 파렛트, 굴삭기 버킷에 탑승하여 높은 장소로 승강하는 등 『설비를 주용도(하역운반장치) 외로 사용』하여 떨어짐 [대책] ▶ 중량물 제작 작업 등 생산용도에 사용금지
▶ 전동교체 시 고소작업대 사용 및 운전석 외 탑승금지",,,화학및고무제품제조업,
기타의사업,,2018년 4월경 재해자가 폐기물 투입구 내부를 점검하던 중 밸브가 열려 투입구 안으로 빨려 들어가 사망,자동화설비(쓰레기 자동집하시설<Auto Clean Net>),비정형 작업(점검),『설비를 정지시키지 않거나 전원을 차단하지 않은 상태』에서 정비·보수·청소 등의 작업을 하다가 끼이거나 말림,"▶ 설비 가동중 이물질 제거 등이 발생할 수 있는 생산작업을 분석하고 근원적 접근방지대책 수립
▶ 끼임재해 우려가 있어 가동정지 후 작업이 필요한 설비 목록화→LOTO(Lock Out,  Tag Out) 대상 확정·시행 
▶ 작업 절차에 대해 근로자 교육실시","2018년 4월경 재해자가 폐기물 투입구 내부를 점검하던 중 밸브가 열려 투입구 안으로 빨려 들어가 사망 [유발요인] 『설비를 정지시키지 않거나 전원을 차단하지 않은 상태』에서 정비·보수·청소 등의 작업을 하다가 끼이거나 말림 [대책] ▶ 설비 가동중 이물질 제거 등이 발생할 수 있는 생산작업을 분석하고 근원적 접근방지대책 수립
▶ 끼임재해 우려가 있어 가동정지 후 작업이 필요한 설비 목록화→LOTO(Lock Out,  Tag Out) 대상 확정·시행 
▶ 작업 절차에 대해 근로자 교육실시",,,시설관리및사업지원서비스업,
기타의사업,,2018년 6월경 수거한 탄산가스통에 연결된 밸브를 제거하기 위해 드라이버로 밸브에 충격을 가하자 탄산가스통 내부의 가스가 분출되며서 날라가 재해자가의 머리를 가격해 사망,기타 설비(탄산가스통),용접·절단·사상 또는 도장 작업,"『설비 내부의 잔여 유·공압을 제거하지 않은 상태』에서 설비를 해체하여 구조물, 부속품 등이 튕겨나와 맞음","▶ 설비 점검 시 내부의 잔여 물질을 배출하여, 작업자에게 영향을 미치지 않도록 확인할 수 있는 근원적 위험방지대책 수립","2018년 6월경 수거한 탄산가스통에 연결된 밸브를 제거하기 위해 드라이버로 밸브에 충격을 가하자 탄산가스통 내부의 가스가 분출되며서 날라가 재해자가의 머리를 가격해 사망 [유발요인] 『설비 내부의 잔여 유·공압을 제거하지 않은 상태』에서 설비를 해체하여 구조물, 부속품 등이 튕겨나와 맞음 [대책] ▶ 설비 점검 시 내부의 잔여 물질을 배출하여, 작업자에게 영향을 미치지 않도록 확인할 수 있는 근원적 위험방지대책 수립",,,도소매·음식·숙박업,
제조업,,"2018년 8월경 물류창고에서 재해자와 동료가 화물을 지게차로 적재하던 중, 지게차 운전원이 판유리 한쪽에 걸려 있던 슬링벨트를 푸는 것을 잊고 후진시켜 유리판이 지게차 방향으로 넘어지면서 재해자를 덮쳐 사망",분류 불가,혼재작업(작업자-작업차량),근로자와 작업차량 간 『혼재작업 장소에서 근로자 이동과 작업차량 운행을 통제하지 않은 상태』에서 근로자가 작업차량에 부딪히나 깔림 또는 주변 구조물과 작업차량 사이에 끼임,"▶ 지게차 이용 중량물 취급에 대한 작업계획서 작성(작업방법, 운행경로, 근로자와 지게차 혼재 작업 여부 등)
▶ 혼재 작업 시 작업지휘자 또는 유도자 배치","2018년 8월경 물류창고에서 재해자와 동료가 화물을 지게차로 적재하던 중, 지게차 운전원이 판유리 한쪽에 걸려 있던 슬링벨트를 푸는 것을 잊고 후진시켜 유리판이 지게차 방향으로 넘어지면서 재해자를 덮쳐 사망 [유발요인] 근로자와 작업차량 간 『혼재작업 장소에서 근로자 이동과 작업차량 운행을 통제하지 않은 상태』에서 근로자가 작업차량에 부딪히나 깔림 또는 주변 구조물과 작업차량 사이에 끼임 [대책] ▶ 지게차 이용 중량물 취급에 대한 작업계획서 작성(작업방법, 운행경로, 근로자와 지게차 혼재 작업 여부 등)
▶ 혼재 작업 시 작업지휘자 또는 유도자 배치",,,기계기구·금속·비금속광물제품제조업,
기타의사업,,"2016년 3월경 골프장내 카트 이동도로에서 재해자 2명이 카트를 운전하여 경사진 도로를 내려가던 중 카트가 전도되면서 1명 사망, 1명 부상",기타 차량(전동카트),차량을 이용한 작업,"작업차량이 『운행경로 상의 지형(급경사, 커브, 바닥의 요철, 지반 등) 또는 구조물』로 인해 떨어지거나 넘어지면서 그 아래 깔림","▶ 주·정차 시 불시 이동방지를 위한 브레이크, 고임목 체결 철저
▶ 작업장 내 바닥 평탄화 및 제한속도 준수
▶ 지게차 운전자격이 있는 지정자에 한해 운전 및 시동키 관리","2016년 3월경 골프장내 카트 이동도로에서 재해자 2명이 카트를 운전하여 경사진 도로를 내려가던 중 카트가 전도되면서 1명 사망, 1명 부상 [유발요인] 작업차량이 『운행경로 상의 지형(급경사, 커브, 바닥의 요철, 지반 등) 또는 구조물』로 인해 떨어지거나 넘어지면서 그 아래 깔림 [대책] ▶ 주·정차 시 불시 이동방지를 위한 브레이크, 고임목 체결 철저
▶ 작업장 내 바닥 평탄화 및 제한속도 준수
▶ 지게차 운전자격이 있는 지정자에 한해 운전 및 시동키 관리",,,전문·보건·교육·여가관련서비스업,
임업,,2018년 9월경 OO산 벌목현장에서 재해자가 벌목 후 기울어진 벌도목 아래로 이동하던 중 기울어진 벌도목이 완전히 쓰러지면서 재해자의 머리를 가격해 사망,나무(벌도목),벌목·조재 작업,"『벌도목이 의도하지 않은 방향으로 쓰러지거나, 주변 장애물에 걸려』 작업자 방향으로 쓰러지면서 안면 또는 머리를 가격(부딪힘)","▶ 벌목 작업 시에는 사전에 대피장소를 정하여 작업 실시
▶ 충분한 안전거리를 확보하여, 다른 작업자와 동시에 작업 금지","2018년 9월경 OO산 벌목현장에서 재해자가 벌목 후 기울어진 벌도목 아래로 이동하던 중 기울어진 벌도목이 완전히 쓰러지면서 재해자의 머리를 가격해 사망 [유발요인] 『벌도목이 의도하지 않은 방향으로 쓰러지거나, 주변 장애물에 걸려』 작업자 방향으로 쓰러지면서 안면 또는 머리를 가격(부딪힘) [대책] ▶ 벌목 작업 시에는 사전에 대피장소를 정하여 작업 실시
▶ 충분한 안전거리를 확보하여, 다른 작업자와 동시에 작업 금지",,,임업,
제조업,,2018년 10월경 사업장에서 재해자가 파손된 지붕을 수리 중 지붕위에 선라이트를 밟고 10m 아래로 떨어지면서 사망,지붕·대들보(선라이트/채광창),"설비 위, 지붕 등 높은 장소에서의 작업",『작업을 위해 밟고 있던 구조물이 파손되거나 균형을 잃기 쉬운 불안한 자세』로 작업하여 넘어지거나 떨어짐,"▶ 안전난간이 설치된 작업발판을 설치·사용
▶ 고소작업대 사용 또는 3.5m미만은 A자형 사다리 사용(2인1조) 관리
▶ 안전대 및 안전모 지급·착용 등 관리감독자 확인","2018년 10월경 사업장에서 재해자가 파손된 지붕을 수리 중 지붕위에 선라이트를 밟고 10m 아래로 떨어지면서 사망 [유발요인] 『작업을 위해 밟고 있던 구조물이 파손되거나 균형을 잃기 쉬운 불안한 자세』로 작업하여 넘어지거나 떨어짐 [대책] ▶ 안전난간이 설치된 작업발판을 설치·사용
▶ 고소작업대 사용 또는 3.5m미만은 A자형 사다리 사용(2인1조) 관리
▶ 안전대 및 안전모 지급·착용 등 관리감독자 확인",,,기계기구·금속·비금속광물제품제조업,
제조업,,2018년 10월 반도체 공장에서 기중기를 이용하여 5층 반입구에 있는 설비를 반출하는 작업을 하던 중 인양 중인 설비(약 23.5톤)가 지면으로 떨어지면서 하부에서 작업 중이던 근로자 2명 사상,건설기계(기중기),"이동식 크레인(카고 크레인, 집게차)을 사용한 작업",『운반하는 물체의 이동경로에 근로자의 출입을 통제하지 않아』 부딪히거나 주변 구조물과 운반물 사이에 끼임,"▶ 지게차 이용 중량물 취급에 대한 작업계획서 작성(작업방법, 운행경로, 근로자와 지게차 혼재 작업 여부 등)
▶ 혼재 작업 시 작업지휘자 또는 유도자 배치","2018년 10월 반도체 공장에서 기중기를 이용하여 5층 반입구에 있는 설비를 반출하는 작업을 하던 중 인양 중인 설비(약 23.5톤)가 지면으로 떨어지면서 하부에서 작업 중이던 근로자 2명 사상 [유발요인] 『운반하는 물체의 이동경로에 근로자의 출입을 통제하지 않아』 부딪히거나 주변 구조물과 운반물 사이에 끼임 [대책] ▶ 지게차 이용 중량물 취급에 대한 작업계획서 작성(작업방법, 운행경로, 근로자와 지게차 혼재 작업 여부 등)
▶ 혼재 작업 시 작업지휘자 또는 유도자 배치",,,전기기계기구·정밀기구·전자제품제조업,
제조업,,2018년 2월경 사업장에서 작업장과 방호벽 사이 통로를 지나가던 재해자가 인장작업중 빠진 강선에 옆구리를 강타당해 사망,가공물(강선),작업장소 통행/이동,"『이동동선 주변에 방치된 물체, 구조물 등』을 인지하지 못하고 이동하다가 부딪히거나 떨어짐","▶ 위험장소 출입금지용 방책 설치
▶ 하역운반기계 출입문에 비상등·벨 설치
▶ 위험장소에 안전보건표지 부착","2018년 2월경 사업장에서 작업장과 방호벽 사이 통로를 지나가던 재해자가 인장작업중 빠진 강선에 옆구리를 강타당해 사망 [유발요인] 『이동동선 주변에 방치된 물체, 구조물 등』을 인지하지 못하고 이동하다가 부딪히거나 떨어짐 [대책] ▶ 위험장소 출입금지용 방책 설치
▶ 하역운반기계 출입문에 비상등·벨 설치
▶ 위험장소에 안전보건표지 부착",,,기계기구·금속·비금속광물제품제조업,
제조업,,2018년 4월경 야적장에서 재해자가 동료와 함께 물탱크 해체 작업을 하던 중 해체된 부재를 옆 물탱크 벽면에 기대놓고 맞은편에서 용단작업을 하다가 편심으로 넘어진 철판에 머리를 맞고 사망,구조물(철판),용접·절단·사상 또는 도장 작업,『매달아 올리거나 적재 상태가 불량한 물체』가 떨어지거나 무너지면서 맞거나 깔림,"▶ 주변의 중량물로 인한 깔림 방지를 위해 중량물 제거 후 작업
▶ 중량물 지지대 설치 후 수리·교체작업 실시","2018년 4월경 야적장에서 재해자가 동료와 함께 물탱크 해체 작업을 하던 중 해체된 부재를 옆 물탱크 벽면에 기대놓고 맞은편에서 용단작업을 하다가 편심으로 넘어진 철판에 머리를 맞고 사망 [유발요인] 『매달아 올리거나 적재 상태가 불량한 물체』가 떨어지거나 무너지면서 맞거나 깔림 [대책] ▶ 주변의 중량물로 인한 깔림 방지를 위해 중량물 제거 후 작업
▶ 중량물 지지대 설치 후 수리·교체작업 실시",,,기계기구·금속·비금속광물제품제조업,
임업,,2018년 7월경 OO산 벌목현장에서 재해자가 조재작업을 하던 중 기계톱이 튕겨나와 흉부외 왼쪽 허벅지를 베어 과다 출혈로 사망,기타 설비(기계톱),벌목·조재 작업,『기계톱에 설치된 안전장치를 해제·무력화하거나 파손된 상태로 사용』 하다가 기계톱이 작업자 방향으로 튀어 올라(킥백) 베이거나 잘림,"▶ 기계톱 등의 사용 시 부재를 단단히 고정하여 작업 실시
▶ 톱날을 예리하게 지속 관리하고, 사용 시 과도한 압력으로 작업 금지
▶ 적절한 작업 방법 및 부여 압력에 대한 기준을 교육 실시","2018년 7월경 OO산 벌목현장에서 재해자가 조재작업을 하던 중 기계톱이 튕겨나와 흉부외 왼쪽 허벅지를 베어 과다 출혈로 사망 [유발요인] 『기계톱에 설치된 안전장치를 해제·무력화하거나 파손된 상태로 사용』 하다가 기계톱이 작업자 방향으로 튀어 올라(킥백) 베이거나 잘림 [대책] ▶ 기계톱 등의 사용 시 부재를 단단히 고정하여 작업 실시
▶ 톱날을 예리하게 지속 관리하고, 사용 시 과도한 압력으로 작업 금지
▶ 적절한 작업 방법 및 부여 압력에 대한 기준을 교육 실시",,,임업,
기타의사업,,2018년 12월경 재해자가 벌목작업을 하던 중 벌도목에 머리를 맞고 사망,나무(벌도목),벌목·조재 작업,"『벌도목이 의도하지 않은 방향으로 쓰러지거나, 주변 장애물에 걸려』 작업자 방향으로 쓰러지면서 안면 또는 머리를 가격(부딪힘)","▶ 벌목 작업 시에는 사전에 대피장소를 정하여 작업 실시
▶ 충분한 안전거리를 확보하여, 다른 작업자와 동시에 작업 금지","2018년 12월경 재해자가 벌목작업을 하던 중 벌도목에 머리를 맞고 사망 [유발요인] 『벌도목이 의도하지 않은 방향으로 쓰러지거나, 주변 장애물에 걸려』 작업자 방향으로 쓰러지면서 안면 또는 머리를 가격(부딪힘) [대책] ▶ 벌목 작업 시에는 사전에 대피장소를 정하여 작업 실시
▶ 충분한 안전거리를 확보하여, 다른 작업자와 동시에 작업 금지",,,시설관리및사업지원서비스업,
제조업,,"2018년 1월경 사업장에서 재해자와 동료1명이 교량용 강재 블록 제작 중 고정되지 않은 강재 수직판넬이 넘어지면서 1명 사망, 1명 부상",가공물(강제판넬<WL>),상하차 작업 또는 적재된 화물,『매달아 올리거나 적재 상태가 불량한 물체』가 떨어지거나 무너지면서 맞거나 깔림,"▶ 주변의 중량물로 인한 깔림 방지를 위해 중량물 제거 후 작업
▶ 중량물 지지대 설치 후 수리·교체작업 실시","2018년 1월경 사업장에서 재해자와 동료1명이 교량용 강재 블록 제작 중 고정되지 않은 강재 수직판넬이 넘어지면서 1명 사망, 1명 부상 [유발요인] 『매달아 올리거나 적재 상태가 불량한 물체』가 떨어지거나 무너지면서 맞거나 깔림 [대책] ▶ 주변의 중량물로 인한 깔림 방지를 위해 중량물 제거 후 작업
▶ 중량물 지지대 설치 후 수리·교체작업 실시",,,기계기구·금속·비금속광물제품제조업,
제조업,,"2018년 12월경 야적장에서 바닥에 철근 원곡 라인에 가공한 철근을 확인하기 위해 앉아 있던 중, 이를 확인하지 못한 동료가 지게차를 이용하여 후진하며 재해자를 충격",지게차,지게차를 사용하는 작업,"『차량운행 중 차량의 진행방향 및 사각지대를 확인하지 않아』근로자가 작업차량에 깔리거나, 주변 구조물과 작업차량 사이에 끼임","▶ 지게차 이용 중량물 취급에 대한 작업계획서 작성(작업방법, 운행경로, 근로자와 지게차 혼재 작업 여부 등)
▶ 혼재 작업 시 작업지휘자 또는 유도자 배치","2018년 12월경 야적장에서 바닥에 철근 원곡 라인에 가공한 철근을 확인하기 위해 앉아 있던 중, 이를 확인하지 못한 동료가 지게차를 이용하여 후진하며 재해자를 충격 [유발요인] 『차량운행 중 차량의 진행방향 및 사각지대를 확인하지 않아』근로자가 작업차량에 깔리거나, 주변 구조물과 작업차량 사이에 끼임 [대책] ▶ 지게차 이용 중량물 취급에 대한 작업계획서 작성(작업방법, 운행경로, 근로자와 지게차 혼재 작업 여부 등)
▶ 혼재 작업 시 작업지휘자 또는 유도자 배치",,,기계기구·금속·비금속광물제품제조업,
운수창고통신업,,"2018년 11월경 사이로 BIN 상부에서 재해자가 옥수수 샘플을 채취하기 위한 작업 중, BIN 내부에 쓰러져 있는 채로 발견되어 동료 근로자에게 구출 되었으나 사망",분류 불가,"피트, 맨홀, 오·폐수 처리시설 등 밀폐된 장소에서 작업","『순간적으로 다량의 유해가스, 화학물질, 낮은 산소농도에 노출』되어 산소결핍·질식·중독 위험","▶ 가스농도측정기로 적정공기 상태 선 확인
▶ 환기팬 등으로 환기 실시 후 작업을 실시
▶ 밀폐공간 출입금지 위험 표시","2018년 11월경 사이로 BIN 상부에서 재해자가 옥수수 샘플을 채취하기 위한 작업 중, BIN 내부에 쓰러져 있는 채로 발견되어 동료 근로자에게 구출 되었으나 사망 [유발요인] 『순간적으로 다량의 유해가스, 화학물질, 낮은 산소농도에 노출』되어 산소결핍·질식·중독 위험 [대책] ▶ 가스농도측정기로 적정공기 상태 선 확인
▶ 환기팬 등으로 환기 실시 후 작업을 실시
▶ 밀폐공간 출입금지 위험 표시",,,철도·항공·창고·운수관련서비스업,
제조업,,"2018년 7월경 공장내에서 재해자가 지게차 위 철판에서 용접 작업을 위해 이동 중 균형을 잃고 냉각수조(약 3.7m, 수심2m)로 떨여져 사망",분류 불가,작업장소 통행/이동,"지게차 포크, 파렛트, 굴삭기 버킷에 탑승하여 높은 장소로 승강하는 등 『설비를 주용도(하역운반장치) 외로 사용』하여 떨어짐","▶ 중량물 제작 작업 등 생산용도에 사용금지
▶ 전동교체 시 고소작업대 사용 및 운전석 외 탑승금지","2018년 7월경 공장내에서 재해자가 지게차 위 철판에서 용접 작업을 위해 이동 중 균형을 잃고 냉각수조(약 3.7m, 수심2m)로 떨여져 사망 [유발요인] 지게차 포크, 파렛트, 굴삭기 버킷에 탑승하여 높은 장소로 승강하는 등 『설비를 주용도(하역운반장치) 외로 사용』하여 떨어짐 [대책] ▶ 중량물 제작 작업 등 생산용도에 사용금지
▶ 전동교체 시 고소작업대 사용 및 운전석 외 탑승금지",,,기계기구·금속·비금속광물제품제조업,
운수창고통신업,,2018년 7월경 아파트에서 재해자가 이삿짐 보관이사 작업(08:30~12:00)을 하고 휴식을 취하던 중 쓰러진 채로 발견되어 병원으로 후송되었으나 열사병으로 사망,분류 불가,인력 운반 작업,『더운 날씨에 적절한 휴식을 취하지 않고 무리하게 작업』 해 열사병 위험,"▶ 폭염에 노출되는 옥외 장소에서 작업을 하는 경우 휴게시설을 설치하고, 휴식시간을 부여
▶ 폭염 등 날씨에 대한 정보를 근로자에게 제공하고, 날씨의 변화에 따른 작업시간 변경 기준 마련(단축 등)","2018년 7월경 아파트에서 재해자가 이삿짐 보관이사 작업(08:30~12:00)을 하고 휴식을 취하던 중 쓰러진 채로 발견되어 병원으로 후송되었으나 열사병으로 사망 [유발요인] 『더운 날씨에 적절한 휴식을 취하지 않고 무리하게 작업』 해 열사병 위험 [대책] ▶ 폭염에 노출되는 옥외 장소에서 작업을 하는 경우 휴게시설을 설치하고, 휴식시간을 부여
▶ 폭염 등 날씨에 대한 정보를 근로자에게 제공하고, 날씨의 변화에 따른 작업시간 변경 기준 마련(단축 등)",,,철도·항공·창고·운수관련서비스업,
제조업,,2018년 3월 수산물제조공장 소속으로 화물자동차를 이용하여 운송업무를 수행하던 재해자가 도로 갓길에서 화물자동차 적재함 근처 지면에 쓰러진 채로 발견(적재함에 적재된 물품의 결속을 위해 적재함 상부에서 작업 중 떨어진 것으로 추정),화물운반트럭(카고트럭),상하차 작업 또는 적재된 화물,『화물의 무게가 한쪽으로 치우쳐진 상태 등』 적재상태가 불량한 화물이 무너지면서 맞거나 깔림,"▶ 전도·낙하 방지를 위해 중량물 제거 후 작업
▶ 중량물 고정 실시 후 수리작업 실시","2018년 3월 수산물제조공장 소속으로 화물자동차를 이용하여 운송업무를 수행하던 재해자가 도로 갓길에서 화물자동차 적재함 근처 지면에 쓰러진 채로 발견(적재함에 적재된 물품의 결속을 위해 적재함 상부에서 작업 중 떨어진 것으로 추정) [유발요인] 『화물의 무게가 한쪽으로 치우쳐진 상태 등』 적재상태가 불량한 화물이 무너지면서 맞거나 깔림 [대책] ▶ 전도·낙하 방지를 위해 중량물 제거 후 작업
▶ 중량물 고정 실시 후 수리작업 실시",,,식료품제조업,
제조업,,2018년 10월 OO공장 가공작업장 내 재해자가 CNC Turning M/C을 사용하여 가공물(Valve body)의 상부 단면을 절삭가공 하던 중 가공물이 튕겨 나오면서 재해자의 흉부 등을 가격하여 사망.,금속가공기계(CNC터닝 머신),가공 설비를 이용한 작업,보호구를 착용하지 않은 상태에서 『튕겨나온 가공날 또는 가공물』에 눈을 찔리거나 머리를 맞음,"▶ 선반가공 시 척, 방진구 및 심압대 체결상태 확인 및 갇독 철저
▶ 칩 브레이커 등 설치·사용
▶ 보안경/보안면 등 안면보호구 착용","2018년 10월 OO공장 가공작업장 내 재해자가 CNC Turning M/C을 사용하여 가공물(Valve body)의 상부 단면을 절삭가공 하던 중 가공물이 튕겨 나오면서 재해자의 흉부 등을 가격하여 사망. [유발요인] 보호구를 착용하지 않은 상태에서 『튕겨나온 가공날 또는 가공물』에 눈을 찔리거나 머리를 맞음 [대책] ▶ 선반가공 시 척, 방진구 및 심압대 체결상태 확인 및 갇독 철저
▶ 칩 브레이커 등 설치·사용
▶ 보안경/보안면 등 안면보호구 착용",,,기계기구·금속·비금속광물제품제조업,
임업,,"2018년 OO읍에서 재해자가 예초기로 풀을 베는 작업을 하던 중 땅벌에 쏘였고, 휴식을 취하다 의식을 잃고 병원으로 이송된 후 사망",독충(땅벌),조경·제초작업,『작업장소 인근 독충·독사·벌·진드기』등에 물릴 위험,"▶ 작업 시 긴소매, 긴바지의 작업복을 착용하여 작업 실시
▶ 작업 시작 전 주변의 위험요소를 확인 후 위험요인을 제거 후 작업 실시","2018년 OO읍에서 재해자가 예초기로 풀을 베는 작업을 하던 중 땅벌에 쏘였고, 휴식을 취하다 의식을 잃고 병원으로 이송된 후 사망 [유발요인] 『작업장소 인근 독충·독사·벌·진드기』등에 물릴 위험 [대책] ▶ 작업 시 긴소매, 긴바지의 작업복을 착용하여 작업 실시
▶ 작업 시작 전 주변의 위험요소를 확인 후 위험요인을 제거 후 작업 실시",,,임업,
제조업,,2018년 10월 OO제조공장에서 재해자가 FRP 파이프 연결 플랜지 천정크레인으로 권상하던 중 플랜지가 재해자를 강타하여 사망.,크레인(천장주행크레인),"크레인(천장주행, 갠트리, 지브 등) 사용 작업",『운반하는 물체의 이동경로에 근로자의 출입을 통제하지 않아』 부딪히거나 주변 구조물과 운반물 사이에 끼임,"▶ 지게차 이용 중량물 취급에 대한 작업계획서 작성(작업방법, 운행경로, 근로자와 지게차 혼재 작업 여부 등)
▶ 혼재 작업 시 작업지휘자 또는 유도자 배치","2018년 10월 OO제조공장에서 재해자가 FRP 파이프 연결 플랜지 천정크레인으로 권상하던 중 플랜지가 재해자를 강타하여 사망. [유발요인] 『운반하는 물체의 이동경로에 근로자의 출입을 통제하지 않아』 부딪히거나 주변 구조물과 운반물 사이에 끼임 [대책] ▶ 지게차 이용 중량물 취급에 대한 작업계획서 작성(작업방법, 운행경로, 근로자와 지게차 혼재 작업 여부 등)
▶ 혼재 작업 시 작업지휘자 또는 유도자 배치",,,기계기구·금속·비금속광물제품제조업,
제조업,,"2018년 1월 공장에서 롤(Roll)청소 작업을 준비하던 중, 재해자가 청소용 철판더미와 롤 사이에 오른쪽 팔이 끼이면서 사망",분류 불가,비정형 작업(이물질 제거·청소),『설비를 정지시키지 않거나 전원을 차단하지 않은 상태』에서 정비·보수·청소 등의 작업을 하다가 끼이거나 말림,"▶ 설비 가동중 이물질 제거 등이 발생할 수 있는 생산작업을 분석하고 근원적 접근방지대책 수립
▶ 끼임재해 우려가 있어 가동정지 후 작업이 필요한 설비 목록화→LOTO(Lock Out,  Tag Out) 대상 확정·시행 
▶ 작업 절차에 대해 근로자 교육실시","2018년 1월 공장에서 롤(Roll)청소 작업을 준비하던 중, 재해자가 청소용 철판더미와 롤 사이에 오른쪽 팔이 끼이면서 사망 [유발요인] 『설비를 정지시키지 않거나 전원을 차단하지 않은 상태』에서 정비·보수·청소 등의 작업을 하다가 끼이거나 말림 [대책] ▶ 설비 가동중 이물질 제거 등이 발생할 수 있는 생산작업을 분석하고 근원적 접근방지대책 수립
▶ 끼임재해 우려가 있어 가동정지 후 작업이 필요한 설비 목록화→LOTO(Lock Out,  Tag Out) 대상 확정·시행 
▶ 작업 절차에 대해 근로자 교육실시",,,기계기구·금속·비금속광물제품제조업,
제조업,,2018년 6월경 OO사업장 스티로폼 제조공정에서 재해자가 발포성형기 내부에 들어가 점검 중 설비가 불시에 가동하여 사망,생산설비(발포성형기),비정형 작업(점검),『정비작업 중 작업자 외 근로자가 설비를 가동』하여 갑자기 작동된 설비에 말리거나 끼임,"▶ 생산 설비의 불시 가동을 방지하기 위한 LOTO(Lock Out_잠금장치, Tag Out_점검 중 꼬리표)제도 시행
▶ 관리감독자 확인 의무 부여","2018년 6월경 OO사업장 스티로폼 제조공정에서 재해자가 발포성형기 내부에 들어가 점검 중 설비가 불시에 가동하여 사망 [유발요인] 『정비작업 중 작업자 외 근로자가 설비를 가동』하여 갑자기 작동된 설비에 말리거나 끼임 [대책] ▶ 생산 설비의 불시 가동을 방지하기 위한 LOTO(Lock Out_잠금장치, Tag Out_점검 중 꼬리표)제도 시행
▶ 관리감독자 확인 의무 부여",,,화학및고무제품제조업,
기타의사업,,2019년 11월경 재해자가 냉매 정제작업을 하던 중 의식을 잃고 사망,화학물질(냉매<HCFC-123>),"피트, 맨홀, 오·폐수 처리시설 등 밀폐된 장소에서 작업",『산소·가소농도 미측정 및 송풍기를 이용한 강제환기 미실시』로 불활성 가스 또는 유해가스에 의한 산소결핍·질식·중독,"▶ 가스농도측정기로 적정공기 상태 선 확인
▶ 환기팬 등으로 환기 실시 후 작업을 실시
▶ 밀폐공간 출입금지 위험 표시","2019년 11월경 재해자가 냉매 정제작업을 하던 중 의식을 잃고 사망 [유발요인] 『산소·가소농도 미측정 및 송풍기를 이용한 강제환기 미실시』로 불활성 가스 또는 유해가스에 의한 산소결핍·질식·중독 [대책] ▶ 가스농도측정기로 적정공기 상태 선 확인
▶ 환기팬 등으로 환기 실시 후 작업을 실시
▶ 밀폐공간 출입금지 위험 표시",,,기타의각종사업,
기타의사업,,2018년 12월경 재해자가 이륜자동차를 이용해 과속으로 좌회전 중 넘어지면서 사망,기타 차량(오토바이),도로에서의 자동차 운전,"『과속, 도로의 노면상태(빗길, 결빙, 포트홀 등)』 로 인해 차량을 제어하지 못해 사고 위험","▶ 운전자는 작업 전 충분한 휴식을 취하고 운전 작업 실시
▶ 도로 상에서 운전 시 교통신호 등을 철저히 준수하여 운전 실시","2018년 12월경 재해자가 이륜자동차를 이용해 과속으로 좌회전 중 넘어지면서 사망 [유발요인] 『과속, 도로의 노면상태(빗길, 결빙, 포트홀 등)』 로 인해 차량을 제어하지 못해 사고 위험 [대책] ▶ 운전자는 작업 전 충분한 휴식을 취하고 운전 작업 실시
▶ 도로 상에서 운전 시 교통신호 등을 철저히 준수하여 운전 실시",,,도소매·음식·숙박업,
제조업,,2019년 4월 포장라인 천장크레인에서 지그가 떨어지면서 재해자 머리를 가격하여 사망,섬유로프(슬링벨트),"크레인(천장주행, 갠트리, 지브 등) 사용 작업",훅해지장치가 없는 등 『줄걸이가 훅에서 이탈』해 떨어지는 화물에 부딪히거나 깔림,"▶ 인양하중 및 화물의 형태를 고려하여 체인블록의 훅을 선정
▶ 훅과 훅 해지장치 등을 상시 점검하여 사용하고, 이상 시 폐기 처리","2019년 4월 포장라인 천장크레인에서 지그가 떨어지면서 재해자 머리를 가격하여 사망 [유발요인] 훅해지장치가 없는 등 『줄걸이가 훅에서 이탈』해 떨어지는 화물에 부딪히거나 깔림 [대책] ▶ 인양하중 및 화물의 형태를 고려하여 체인블록의 훅을 선정
▶ 훅과 훅 해지장치 등을 상시 점검하여 사용하고, 이상 시 폐기 처리",,,기계기구·금속·비금속광물제품제조업,
제조업,,2019년 11월 OO 공장내 범용 선반에서 가공중인 샤프트가 회전에 의해 휘어지면서 투입구 측에 위치한 밀링 작업자의 안면을 가격해 사망,가공물(샤프트),가공 설비를 이용한 작업,『고속회전하면서 갑자기 휘어진 가공물』 에 머리를 맞음,"▶ 회전체에 방호덮개 설치 또는 근로자 접근금지용 울타리 설치
▶ 방호장치 기능유지 및 해당 설비 운전 정지 조치
▶ 말릴 위험이 없는 작업모 및 작업복 착용","2019년 11월 OO 공장내 범용 선반에서 가공중인 샤프트가 회전에 의해 휘어지면서 투입구 측에 위치한 밀링 작업자의 안면을 가격해 사망 [유발요인] 『고속회전하면서 갑자기 휘어진 가공물』 에 머리를 맞음 [대책] ▶ 회전체에 방호덮개 설치 또는 근로자 접근금지용 울타리 설치
▶ 방호장치 기능유지 및 해당 설비 운전 정지 조치
▶ 말릴 위험이 없는 작업모 및 작업복 착용",,,기계기구·금속·비금속광물제품제조업,
제조업,,2018년 4월경 OO사업장 코팅 공정에서 재해자가 설비에 이형제를 도포하는 중 회전하는 롤의 돌출부(볼트)에 옷이 말리면서 사망,생산설비(코팅설비),비정형 작업(시운전),『설비를 정지시키지 않거나 전원을 차단하지 않은 상태』에서 정비·보수·청소 등의 작업을 하다가 끼이거나 말림,"▶ 설비 가동중 이물질 제거 등이 발생할 수 있는 생산작업을 분석하고 근원적 접근방지대책 수립
▶ 끼임재해 우려가 있어 가동정지 후 작업이 필요한 설비 목록화→LOTO(Lock Out,  Tag Out) 대상 확정·시행 
▶ 작업 절차에 대해 근로자 교육실시","2018년 4월경 OO사업장 코팅 공정에서 재해자가 설비에 이형제를 도포하는 중 회전하는 롤의 돌출부(볼트)에 옷이 말리면서 사망 [유발요인] 『설비를 정지시키지 않거나 전원을 차단하지 않은 상태』에서 정비·보수·청소 등의 작업을 하다가 끼이거나 말림 [대책] ▶ 설비 가동중 이물질 제거 등이 발생할 수 있는 생산작업을 분석하고 근원적 접근방지대책 수립
▶ 끼임재해 우려가 있어 가동정지 후 작업이 필요한 설비 목록화→LOTO(Lock Out,  Tag Out) 대상 확정·시행 
▶ 작업 절차에 대해 근로자 교육실시",,,화학및고무제품제조업,
운수창고통신업,,"2019년 4월경 사업장 내에서 재해자 5명이 절곡기를 2층에서 1층으로 옮기기 위하여 지게차 포크에 자체 제작한 철제 파렛트를 올려놓고, 파렛트에 절곡기(4.3톤)를 인력으로 밀어 올리던 중, 절곡기와 파렛트 위에서 작업중이던 재해자 5명이 함께 떨어지면서 절곡기에 깔린 1명 사망, 4명 부상",생산설비(절곡기),인력 운반 작업,『적재중인 화물』 이 굴러 떨어지면서 깔림,"▶ 하중이 한쪽으로 치우치지 않도록 적재
▶ 팔레트 등을 사용하여 적재상태 개선","2019년 4월경 사업장 내에서 재해자 5명이 절곡기를 2층에서 1층으로 옮기기 위하여 지게차 포크에 자체 제작한 철제 파렛트를 올려놓고, 파렛트에 절곡기(4.3톤)를 인력으로 밀어 올리던 중, 절곡기와 파렛트 위에서 작업중이던 재해자 5명이 함께 떨어지면서 절곡기에 깔린 1명 사망, 4명 부상 [유발요인] 『적재중인 화물』 이 굴러 떨어지면서 깔림 [대책] ▶ 하중이 한쪽으로 치우치지 않도록 적재
▶ 팔레트 등을 사용하여 적재상태 개선",,,철도·항공·창고·운수관련서비스업,
제조업,,2019년 1월 재해자가 천장주행 크레인을 이용하여 철판 정렬작업 중 철판이 클램프에서 이탈되면서 재해자를 덮쳐 사망.,줄걸이기구(클램프),"크레인(천장주행, 갠트리, 지브 등) 사용 작업","『줄걸이 기구의 용접 불량, 마모, 변형, 손상』으로 인해 운반하는 화물이 떨어지면서 부딪히거나 그 아래 깔림","▶ 설비·구조물 상태 정기적 점검 및 예방 관리
▶ 와이어로프 손상 시 즉시 교체하여 사용","2019년 1월 재해자가 천장주행 크레인을 이용하여 철판 정렬작업 중 철판이 클램프에서 이탈되면서 재해자를 덮쳐 사망. [유발요인] 『줄걸이 기구의 용접 불량, 마모, 변형, 손상』으로 인해 운반하는 화물이 떨어지면서 부딪히거나 그 아래 깔림 [대책] ▶ 설비·구조물 상태 정기적 점검 및 예방 관리
▶ 와이어로프 손상 시 즉시 교체하여 사용",,,기계기구·금속·비금속광물제품제조업,
제조업,,2019년 2월 OO공장 유리 적재 작업 중 적재된 판유리가 넘어지면서 재해자를 덮쳐 사망한 사고임.,적재물(판유리),상하차 작업 또는 적재된 화물,『화물의 무게가 한쪽으로 치우쳐진 상태 등』 적재상태가 불량한 화물이 무너지면서 맞거나 깔림,"▶ 전도·낙하 방지를 위해 중량물 제거 후 작업
▶ 중량물 고정 실시 후 수리작업 실시","2019년 2월 OO공장 유리 적재 작업 중 적재된 판유리가 넘어지면서 재해자를 덮쳐 사망한 사고임. [유발요인] 『화물의 무게가 한쪽으로 치우쳐진 상태 등』 적재상태가 불량한 화물이 무너지면서 맞거나 깔림 [대책] ▶ 전도·낙하 방지를 위해 중량물 제거 후 작업
▶ 중량물 고정 실시 후 수리작업 실시",,,기계기구·금속·비금속광물제품제조업,
임업,,2019년 10월경 OO산 입목벌채 현장에서 재해자가 벌목한 벌도목이 5미터 전방의 피나무 가지에 걸려 부러지면서 벌도목이 회전하여 재해자 방향으로 떨어지면서 두부 및 경추를 가격해 사망,나무(벌도목),벌목·조재 작업,"『벌도목이 의도하지 않은 방향으로 쓰러지거나, 주변 장애물에 걸려』 작업자 방향으로 쓰러지면서 안면 또는 머리를 가격(부딪힘)","▶ 벌목 작업 시에는 사전에 대피장소를 정하여 작업 실시
▶ 충분한 안전거리를 확보하여, 다른 작업자와 동시에 작업 금지","2019년 10월경 OO산 입목벌채 현장에서 재해자가 벌목한 벌도목이 5미터 전방의 피나무 가지에 걸려 부러지면서 벌도목이 회전하여 재해자 방향으로 떨어지면서 두부 및 경추를 가격해 사망 [유발요인] 『벌도목이 의도하지 않은 방향으로 쓰러지거나, 주변 장애물에 걸려』 작업자 방향으로 쓰러지면서 안면 또는 머리를 가격(부딪힘) [대책] ▶ 벌목 작업 시에는 사전에 대피장소를 정하여 작업 실시
▶ 충분한 안전거리를 확보하여, 다른 작업자와 동시에 작업 금지",,,임업,
임업,,2019년 11월경 OO산 입목벌채 현장엥서 재해자가 벌목한 벌도목이 2미터 전방의 소나무에 걸려 가지가 재해자 방향으로 떨어지면서 벌도목에 머리를 맞고 사망,나무(벌도목),벌목·조재 작업,"『벌도목이 의도하지 않은 방향으로 쓰러지거나, 주변 장애물에 걸려』 작업자 방향으로 쓰러지면서 안면 또는 머리를 가격(부딪힘)","▶ 벌목 작업 시에는 사전에 대피장소를 정하여 작업 실시
▶ 충분한 안전거리를 확보하여, 다른 작업자와 동시에 작업 금지","2019년 11월경 OO산 입목벌채 현장엥서 재해자가 벌목한 벌도목이 2미터 전방의 소나무에 걸려 가지가 재해자 방향으로 떨어지면서 벌도목에 머리를 맞고 사망 [유발요인] 『벌도목이 의도하지 않은 방향으로 쓰러지거나, 주변 장애물에 걸려』 작업자 방향으로 쓰러지면서 안면 또는 머리를 가격(부딪힘) [대책] ▶ 벌목 작업 시에는 사전에 대피장소를 정하여 작업 실시
▶ 충분한 안전거리를 확보하여, 다른 작업자와 동시에 작업 금지",,,임업,
제조업,,2019년 6월경 OO사업장 폐기물 처리장에서 재해자가 지게차 포크를 이용하여 상부에서 폐기물을 처리하던 중 아래로 떨여져 사망,지게차,지게차를 사용하는 작업,"지게차 포크, 파렛트, 굴삭기 버킷에 탑승하여 높은 장소로 승강하는 등 『설비를 주용도(하역운반장치) 외로 사용』하여 떨어짐","▶ 중량물 제작 작업 등 생산용도에 사용금지
▶ 전동교체 시 고소작업대 사용 및 운전석 외 탑승금지","2019년 6월경 OO사업장 폐기물 처리장에서 재해자가 지게차 포크를 이용하여 상부에서 폐기물을 처리하던 중 아래로 떨여져 사망 [유발요인] 지게차 포크, 파렛트, 굴삭기 버킷에 탑승하여 높은 장소로 승강하는 등 『설비를 주용도(하역운반장치) 외로 사용』하여 떨어짐 [대책] ▶ 중량물 제작 작업 등 생산용도에 사용금지
▶ 전동교체 시 고소작업대 사용 및 운전석 외 탑승금지",,,화학및고무제품제조업,
기타의사업,,2019년 4월경 폐수처리장에서 재해자가 컨베이어 벨트와 구동 풀리 사이에 손이 끼인 상태로 몸이 당겨져 체인 덮개에 신체가 눌려 사망,컨베이어,비정형 작업(점검),『설비를 정지시키지 않거나 전원을 차단하지 않은 상태』에서 정비·보수·청소 등의 작업을 하다가 끼이거나 말림,"▶ 설비 가동중 이물질 제거 등이 발생할 수 있는 생산작업을 분석하고 근원적 접근방지대책 수립
▶ 끼임재해 우려가 있어 가동정지 후 작업이 필요한 설비 목록화→LOTO(Lock Out,  Tag Out) 대상 확정·시행 
▶ 작업 절차에 대해 근로자 교육실시","2019년 4월경 폐수처리장에서 재해자가 컨베이어 벨트와 구동 풀리 사이에 손이 끼인 상태로 몸이 당겨져 체인 덮개에 신체가 눌려 사망 [유발요인] 『설비를 정지시키지 않거나 전원을 차단하지 않은 상태』에서 정비·보수·청소 등의 작업을 하다가 끼이거나 말림 [대책] ▶ 설비 가동중 이물질 제거 등이 발생할 수 있는 생산작업을 분석하고 근원적 접근방지대책 수립
▶ 끼임재해 우려가 있어 가동정지 후 작업이 필요한 설비 목록화→LOTO(Lock Out,  Tag Out) 대상 확정·시행 
▶ 작업 절차에 대해 근로자 교육실시",,,시설관리및사업지원서비스업,
제조업,,2019년 9월 OO사업장 근로자가 CNC선반을 사용하여 환봉을 가공하던 중 CNC선반 외부로 돌출된 환봉부가 편심에 의해 휘어지면서 재해자를 타격하여 사망 ,금속가공기계(CNC 선반),가공 설비를 이용한 작업,『고속회전하면서 갑자기 휘어진 가공물』 에 머리를 맞음,"▶ 회전체에 방호덮개 설치 또는 근로자 접근금지용 울타리 설치
▶ 방호장치 기능유지 및 해당 설비 운전 정지 조치
▶ 말릴 위험이 없는 작업모 및 작업복 착용","2019년 9월 OO사업장 근로자가 CNC선반을 사용하여 환봉을 가공하던 중 CNC선반 외부로 돌출된 환봉부가 편심에 의해 휘어지면서 재해자를 타격하여 사망  [유발요인] 『고속회전하면서 갑자기 휘어진 가공물』 에 머리를 맞음 [대책] ▶ 회전체에 방호덮개 설치 또는 근로자 접근금지용 울타리 설치
▶ 방호장치 기능유지 및 해당 설비 운전 정지 조치
▶ 말릴 위험이 없는 작업모 및 작업복 착용",,,기계기구·금속·비금속광물제품제조업,
제조업,,2017년 7월경 동료작업자가 진공챔버 내 근로자 유무를 확인하지 않고 챔버의 덮개를 덮고 진공챔버를 가동하여 진공챔버 내에서 생산품 조립 작업중이던 재해자가 질직해 사망,생산설비(진공챔버),자동화 설비 작업,『정비작업 중 작업자 외 근로자가 설비를 가동』하여 갑자기 작동된 설비에 말리거나 끼임,"▶ 생산 설비의 불시 가동을 방지하기 위한 LOTO(Lock Out_잠금장치, Tag Out_점검 중 꼬리표)제도 시행
▶ 관리감독자 확인 의무 부여","2017년 7월경 동료작업자가 진공챔버 내 근로자 유무를 확인하지 않고 챔버의 덮개를 덮고 진공챔버를 가동하여 진공챔버 내에서 생산품 조립 작업중이던 재해자가 질직해 사망 [유발요인] 『정비작업 중 작업자 외 근로자가 설비를 가동』하여 갑자기 작동된 설비에 말리거나 끼임 [대책] ▶ 생산 설비의 불시 가동을 방지하기 위한 LOTO(Lock Out_잠금장치, Tag Out_점검 중 꼬리표)제도 시행
▶ 관리감독자 확인 의무 부여",,,기계기구·금속·비금속광물제품제조업,
운수창고통신업,,"2018년 11월경 창고 내 작업장에서 재해자 3명이 쌀(현미)포대(40kg/개) 출하 작업을 위해 이동식 컨베이어를 이용하여 화물차에 상차작업을 하던 중, 5단으로 적재되어 있던 톤백(1,000kg/개)이 재해자 3명을 덮쳐 부상 ",적재물(톤백),상하차 작업 또는 적재된 화물,『화물의 무게가 한쪽으로 치우쳐진 상태 등』 적재상태가 불량한 화물이 무너지면서 맞거나 깔림,"▶ 전도·낙하 방지를 위해 중량물 제거 후 작업
▶ 중량물 고정 실시 후 수리작업 실시","2018년 11월경 창고 내 작업장에서 재해자 3명이 쌀(현미)포대(40kg/개) 출하 작업을 위해 이동식 컨베이어를 이용하여 화물차에 상차작업을 하던 중, 5단으로 적재되어 있던 톤백(1,000kg/개)이 재해자 3명을 덮쳐 부상  [유발요인] 『화물의 무게가 한쪽으로 치우쳐진 상태 등』 적재상태가 불량한 화물이 무너지면서 맞거나 깔림 [대책] ▶ 전도·낙하 방지를 위해 중량물 제거 후 작업
▶ 중량물 고정 실시 후 수리작업 실시",,,철도·항공·창고·운수관련서비스업,
기타의사업,,2015년 3월경 OO공연장에서 재해자 3명이 바닥 왁스작업을 하던 중 천장에 부착된 구조물의 볼트가 부러져 재해자 3명을 덮쳐 동시에 부상,분류 불가,작업장소 통행/이동,『매달아 올리거나 적재 상태가 불량한 물체』가 떨어지거나 무너지면서 맞거나 깔림,"▶ 주변의 중량물로 인한 깔림 방지를 위해 중량물 제거 후 작업
▶ 중량물 지지대 설치 후 수리·교체작업 실시","2015년 3월경 OO공연장에서 재해자 3명이 바닥 왁스작업을 하던 중 천장에 부착된 구조물의 볼트가 부러져 재해자 3명을 덮쳐 동시에 부상 [유발요인] 『매달아 올리거나 적재 상태가 불량한 물체』가 떨어지거나 무너지면서 맞거나 깔림 [대책] ▶ 주변의 중량물로 인한 깔림 방지를 위해 중량물 제거 후 작업
▶ 중량물 지지대 설치 후 수리·교체작업 실시",,,시설관리및사업지원서비스업,
제조업,,2019년 9월 OO 공장에서 재해자가 콤프레셔 상부에서 유니온 커플링 조임 작업 중 배관이 분리되며 재해자 머리를 가격하여 사망_x000D_,기타 설비(공기압축기),비정형 작업(정비·보수),"『설비 내부의 잔여 유·공압을 제거하지 않은 상태』에서 설비를 해체하여 구조물, 부속품 등이 튕겨나와 맞음","▶ 설비 점검 시 내부의 잔여 물질을 배출하여, 작업자에게 영향을 미치지 않도록 확인할 수 있는 근원적 위험방지대책 수립","2019년 9월 OO 공장에서 재해자가 콤프레셔 상부에서 유니온 커플링 조임 작업 중 배관이 분리되며 재해자 머리를 가격하여 사망_x000D_ [유발요인] 『설비 내부의 잔여 유·공압을 제거하지 않은 상태』에서 설비를 해체하여 구조물, 부속품 등이 튕겨나와 맞음 [대책] ▶ 설비 점검 시 내부의 잔여 물질을 배출하여, 작업자에게 영향을 미치지 않도록 확인할 수 있는 근원적 위험방지대책 수립",,,기계기구·금속·비금속광물제품제조업,
제조업,,2019년 12월 OO사업장에서 알루미늄 팬을 균형을 맞춰주는 작업을 하던 중 회전하는 알루미늄 팬이 장치에서 이탈해 날라가 재해자의 머리를 가격해 사망,생산설비(바란싱장비),가공 설비를 이용한 작업,『설비에서 이탈하거나 튕겨나온 물체』에 맞음 ,"▶ 선반가공 시 척, 방진구 및 심압대 체결상태 확인 및 갇독 철저
▶ 칩 브레이커 등 설치·사용
▶ 보안경/보안면 등 안면보호구 착용","2019년 12월 OO사업장에서 알루미늄 팬을 균형을 맞춰주는 작업을 하던 중 회전하는 알루미늄 팬이 장치에서 이탈해 날라가 재해자의 머리를 가격해 사망 [유발요인] 『설비에서 이탈하거나 튕겨나온 물체』에 맞음  [대책] ▶ 선반가공 시 척, 방진구 및 심압대 체결상태 확인 및 갇독 철저
▶ 칩 브레이커 등 설치·사용
▶ 보안경/보안면 등 안면보호구 착용",,,기계기구·금속·비금속광물제품제조업,
제조업,,2019년 7월 OO사업장에서 재해자가 절곡기로 밴딩 작업을 하던 중 가공물(Steel Plate)이 튕겨 나와 재해자의 머리를 가격해 사망,가공물(철판),가공 설비를 이용한 작업,『설비에서 이탈하거나 튕겨나온 물체』에 맞음 ,"▶ 선반가공 시 척, 방진구 및 심압대 체결상태 확인 및 갇독 철저
▶ 칩 브레이커 등 설치·사용
▶ 보안경/보안면 등 안면보호구 착용","2019년 7월 OO사업장에서 재해자가 절곡기로 밴딩 작업을 하던 중 가공물(Steel Plate)이 튕겨 나와 재해자의 머리를 가격해 사망 [유발요인] 『설비에서 이탈하거나 튕겨나온 물체』에 맞음  [대책] ▶ 선반가공 시 척, 방진구 및 심압대 체결상태 확인 및 갇독 철저
▶ 칩 브레이커 등 설치·사용
▶ 보안경/보안면 등 안면보호구 착용",,,기계기구·금속·비금속광물제품제조업,
운수창고통신업,,2017년 6월경 여객선터미널에서 재해자가 정박 중인 선박의 스큐류에 끼인 모자반 및 폐기물 제거를 위해 수중작업을 완료하고 부상하던 중 모자반에 잠수용 공기호스가 걸려 잠수마스크에서 분리되어 수면으로 올라오지 못하고 사망,분류 불가,잠수 작업,"『주변의 구조물, 배수구 등』 으로 인해 수면 위로 부상하지 못하고 익사할 위험","▶ 수중 작업 시 작업구역 및 수면 위로 올라올 수 있는 동선을 사전에 확보
▶ 수중 작업 전 장비 및 통로의 상태를 확인하고, 작업 중 외부와 연락할 수 있는 조치 실시","2017년 6월경 여객선터미널에서 재해자가 정박 중인 선박의 스큐류에 끼인 모자반 및 폐기물 제거를 위해 수중작업을 완료하고 부상하던 중 모자반에 잠수용 공기호스가 걸려 잠수마스크에서 분리되어 수면으로 올라오지 못하고 사망 [유발요인] 『주변의 구조물, 배수구 등』 으로 인해 수면 위로 부상하지 못하고 익사할 위험 [대책] ▶ 수중 작업 시 작업구역 및 수면 위로 올라올 수 있는 동선을 사전에 확보
▶ 수중 작업 전 장비 및 통로의 상태를 확인하고, 작업 중 외부와 연락할 수 있는 조치 실시",,,철도·항공·창고·운수관련서비스업,
임업,,"2019년 1월경 OO산 벌목현장에서 재해자가 벌목한 벌도목(1번 나무)이 경사면 아래 벚나무(2번 나무)에 걸쳐지자, 벚나무(2번 나무)를 벌목해 두 나무(1번, 2번나무)를 동시에 넘기려던 중 벚나무(2번 나무)에 걸친 벌도목(1번 나무)이 떨어지며 재해자의 머리를 강타해 사망",나무(벌도목),벌목·조재 작업,작업자 방향으로 『주변에서 작업하던 벌도목 또는 주변 수목에 걸려있던 벌도목』이 떨어(쓰러)지면서 작업자가 벌도목에 머리를 맞거나 그 아래 깔림,"▶ 벌목 작업 전 주변 나무에 걸려있는 나무를 확인하여 주변에서 작업 금지
▶ 충분한 안전거리를 확보하여, 다른 작업자와 동시에 작업 금지","2019년 1월경 OO산 벌목현장에서 재해자가 벌목한 벌도목(1번 나무)이 경사면 아래 벚나무(2번 나무)에 걸쳐지자, 벚나무(2번 나무)를 벌목해 두 나무(1번, 2번나무)를 동시에 넘기려던 중 벚나무(2번 나무)에 걸친 벌도목(1번 나무)이 떨어지며 재해자의 머리를 강타해 사망 [유발요인] 작업자 방향으로 『주변에서 작업하던 벌도목 또는 주변 수목에 걸려있던 벌도목』이 떨어(쓰러)지면서 작업자가 벌도목에 머리를 맞거나 그 아래 깔림 [대책] ▶ 벌목 작업 전 주변 나무에 걸려있는 나무를 확인하여 주변에서 작업 금지
▶ 충분한 안전거리를 확보하여, 다른 작업자와 동시에 작업 금지",,,임업,
제조업,,2018년 9월 OO공장 내에서 레버풀러를 정비차량의 차체에 걸어서 잡아당기던 중 고정용 체인이 끊어지면서 재해자를 때려 사망함,수공구(레버풀러),그라인더 등 수공구를 사용하는 작업,"『과도한 힘(하중)으로 인해 설비, 재료 등이 파손·파단』되어 날라와 맞음","▶ 기계, 기구 등의 사용 시 정격하중을 확인하여, 적합한 기계, 기구를 선정하여 사용할 수 있는 절차 마련
▶ 설비 사용 전 점검을 실시하여 이상 시 적시에 조치 후 작업 실시","2018년 9월 OO공장 내에서 레버풀러를 정비차량의 차체에 걸어서 잡아당기던 중 고정용 체인이 끊어지면서 재해자를 때려 사망함 [유발요인] 『과도한 힘(하중)으로 인해 설비, 재료 등이 파손·파단』되어 날라와 맞음 [대책] ▶ 기계, 기구 등의 사용 시 정격하중을 확인하여, 적합한 기계, 기구를 선정하여 사용할 수 있는 절차 마련
▶ 설비 사용 전 점검을 실시하여 이상 시 적시에 조치 후 작업 실시",,,기계기구·금속·비금속광물제품제조업,
제조업,,2019년 05월 OO공장 내 협력사 재해자가 거푸집 부재에 슬링벨트 후크를 걸어 권상하던 중 사용하지 않는 슬링벨트의 후크가 주변 구조물에 걸렸다가 튕겨올라 재해자의 안면을 타격하여 사망.,크레인(천장주행크레인),"크레인(천장주행, 갠트리, 지브 등) 사용 작업",『운반하는 화물의 형태에 적합하지 않은 줄걸이 방법을 사용』하여 화물의 균형이 맞지 않은 상태에서 무리하게 인양하다가 화물이 떨어지면서 부딪히거나 그 아래 깔림,"▶ 섬유슬링 벨트 폐기(관리) 기준을 마련하여 중량물 취급 작업계획서에 포함
▶ 폐기조건 발생 시 근로자가 자발적으로 점검하여 즉시 폐기 요청 할 수 있는 사내 안전문화 정착","2019년 05월 OO공장 내 협력사 재해자가 거푸집 부재에 슬링벨트 후크를 걸어 권상하던 중 사용하지 않는 슬링벨트의 후크가 주변 구조물에 걸렸다가 튕겨올라 재해자의 안면을 타격하여 사망. [유발요인] 『운반하는 화물의 형태에 적합하지 않은 줄걸이 방법을 사용』하여 화물의 균형이 맞지 않은 상태에서 무리하게 인양하다가 화물이 떨어지면서 부딪히거나 그 아래 깔림 [대책] ▶ 섬유슬링 벨트 폐기(관리) 기준을 마련하여 중량물 취급 작업계획서에 포함
▶ 폐기조건 발생 시 근로자가 자발적으로 점검하여 즉시 폐기 요청 할 수 있는 사내 안전문화 정착",,,기계기구·금속·비금속광물제품제조업,
운수창고통신업,,2018년 12월경 사업장 내에서 재해자가 거치대에 안착된 코일(약1.2ton)을 가포장하던 중 코일이 넘어지면서 재해자를 덮쳐 사망,적재물(코일),인력 운반 작업,무거운 물체를 운반하던 중 『바닥의 요철부』에 걸려 넘어지면서 떨어지거나 바닥에 머리가 부딪힘,"▶ 작업구간 바닥상태 평탄화 조치
▶ 폭 넓은 운반용구로 구입·변경 조치
▶ 이동통로 상 바닥에 이물질 등 제거 조치","2018년 12월경 사업장 내에서 재해자가 거치대에 안착된 코일(약1.2ton)을 가포장하던 중 코일이 넘어지면서 재해자를 덮쳐 사망 [유발요인] 무거운 물체를 운반하던 중 『바닥의 요철부』에 걸려 넘어지면서 떨어지거나 바닥에 머리가 부딪힘 [대책] ▶ 작업구간 바닥상태 평탄화 조치
▶ 폭 넓은 운반용구로 구입·변경 조치
▶ 이동통로 상 바닥에 이물질 등 제거 조치",,,철도·항공·창고·운수관련서비스업,
제조업,,2019년 2월 OO공장 OO 소속 재해자가 지게차 포크로 프레임 구조부재와 상부철판 사이 틈을 벌리다가 프레임이 넘어지면서 재해자 흉부를 타격하여 사망,자동화설비(제품다단적재기 포스트 프레임),상하차 작업 또는 적재된 화물,『화물의 무게가 한쪽으로 치우쳐진 상태 등』 적재상태가 불량한 화물이 무너지면서 맞거나 깔림,"▶ 전도·낙하 방지를 위해 중량물 제거 후 작업
▶ 중량물 고정 실시 후 수리작업 실시","2019년 2월 OO공장 OO 소속 재해자가 지게차 포크로 프레임 구조부재와 상부철판 사이 틈을 벌리다가 프레임이 넘어지면서 재해자 흉부를 타격하여 사망 [유발요인] 『화물의 무게가 한쪽으로 치우쳐진 상태 등』 적재상태가 불량한 화물이 무너지면서 맞거나 깔림 [대책] ▶ 전도·낙하 방지를 위해 중량물 제거 후 작업
▶ 중량물 고정 실시 후 수리작업 실시",,,기계기구·금속·비금속광물제품제조업,
임업,,2019년 5월경 OO현장 인근에서 위험목 제거작업 중 재해자 방향으로 벌도목이 넘어가 가슴부위를 맞고 사망,나무(벌도목),벌목·조재 작업,"『벌도목이 의도하지 않은 방향으로 쓰러지거나, 주변 장애물에 걸려』 작업자 방향으로 쓰러지면서 안면 또는 머리를 가격(부딪힘)","▶ 벌목 작업 시에는 사전에 대피장소를 정하여 작업 실시
▶ 충분한 안전거리를 확보하여, 다른 작업자와 동시에 작업 금지","2019년 5월경 OO현장 인근에서 위험목 제거작업 중 재해자 방향으로 벌도목이 넘어가 가슴부위를 맞고 사망 [유발요인] 『벌도목이 의도하지 않은 방향으로 쓰러지거나, 주변 장애물에 걸려』 작업자 방향으로 쓰러지면서 안면 또는 머리를 가격(부딪힘) [대책] ▶ 벌목 작업 시에는 사전에 대피장소를 정하여 작업 실시
▶ 충분한 안전거리를 확보하여, 다른 작업자와 동시에 작업 금지",,,임업,
임업,,2019년 6워령 OO면 일대 벌목현장에서 재해자가 벌목작업을 하던 중 벌도목이 넘어가면서 벌도목 상부 덩굴에 얽혀있던 주변 수목이 뿌리째 뽑혀 넘어가면서 재해자의 머리를 강타해 사망,나무(벌도목),벌목·조재 작업,"『벌도목이 의도하지 않은 방향으로 쓰러지거나, 주변 장애물에 걸려』 작업자 방향으로 쓰러지면서 안면 또는 머리를 가격(부딪힘)","▶ 벌목 작업 시에는 사전에 대피장소를 정하여 작업 실시
▶ 충분한 안전거리를 확보하여, 다른 작업자와 동시에 작업 금지","2019년 6워령 OO면 일대 벌목현장에서 재해자가 벌목작업을 하던 중 벌도목이 넘어가면서 벌도목 상부 덩굴에 얽혀있던 주변 수목이 뿌리째 뽑혀 넘어가면서 재해자의 머리를 강타해 사망 [유발요인] 『벌도목이 의도하지 않은 방향으로 쓰러지거나, 주변 장애물에 걸려』 작업자 방향으로 쓰러지면서 안면 또는 머리를 가격(부딪힘) [대책] ▶ 벌목 작업 시에는 사전에 대피장소를 정하여 작업 실시
▶ 충분한 안전거리를 확보하여, 다른 작업자와 동시에 작업 금지",,,임업,
제조업,,2019년 3월 OO공장 내에서 덤프트럭 수리중 적재함 하부에서 정비작업 중이던 재해자가 상향 적재함이 하향으로 내려오며 사망한 재해.,화물운반트럭(덤프트럭),비정형 작업(정비·보수),『매달아 올리거나 적재 상태가 불량한 물체』가 떨어지거나 무너지면서 맞거나 깔림,"▶ 주변의 중량물로 인한 깔림 방지를 위해 중량물 제거 후 작업
▶ 중량물 지지대 설치 후 수리·교체작업 실시","2019년 3월 OO공장 내에서 덤프트럭 수리중 적재함 하부에서 정비작업 중이던 재해자가 상향 적재함이 하향으로 내려오며 사망한 재해. [유발요인] 『매달아 올리거나 적재 상태가 불량한 물체』가 떨어지거나 무너지면서 맞거나 깔림 [대책] ▶ 주변의 중량물로 인한 깔림 방지를 위해 중량물 제거 후 작업
▶ 중량물 지지대 설치 후 수리·교체작업 실시",,,기계기구·금속·비금속광물제품제조업,
기타의사업,,"2019년 5월경 사업장 내에서 재해자가 연신기의 연신롤러에 감겨 절사된 원사들을 수공구로 제거하기 위해 작업을 하던 중, 연신롤러에 팔이 말리면서 사망",생산설비(연신기),비정형 작업(이물질 제거·청소),『설비를 정지시키지 않거나 전원을 차단하지 않은 상태』에서 정비·보수·청소 등의 작업을 하다가 끼이거나 말림,"▶ 설비 가동중 이물질 제거 등이 발생할 수 있는 생산작업을 분석하고 근원적 접근방지대책 수립
▶ 끼임재해 우려가 있어 가동정지 후 작업이 필요한 설비 목록화→LOTO(Lock Out,  Tag Out) 대상 확정·시행 
▶ 작업 절차에 대해 근로자 교육실시","2019년 5월경 사업장 내에서 재해자가 연신기의 연신롤러에 감겨 절사된 원사들을 수공구로 제거하기 위해 작업을 하던 중, 연신롤러에 팔이 말리면서 사망 [유발요인] 『설비를 정지시키지 않거나 전원을 차단하지 않은 상태』에서 정비·보수·청소 등의 작업을 하다가 끼이거나 말림 [대책] ▶ 설비 가동중 이물질 제거 등이 발생할 수 있는 생산작업을 분석하고 근원적 접근방지대책 수립
▶ 끼임재해 우려가 있어 가동정지 후 작업이 필요한 설비 목록화→LOTO(Lock Out,  Tag Out) 대상 확정·시행 
▶ 작업 절차에 대해 근로자 교육실시",,,도소매·음식·숙박업,
제조업,,2019년 8월 천장주행 크레인으로 하부 바닥에 떨어진 개구부 덮개를 권상하던 중 탈사기 측면 철구조물에 걸려있던 인장된 체인슬링의 훅이 철구조물에서 이탈하면서 재해자 얼굴을 쳐서 사망.,줄걸이기구(훅),"크레인(천장주행, 갠트리, 지브 등) 사용 작업",훅해지장치가 없는 등 『줄걸이가 훅에서 이탈』해 떨어지는 화물에 부딪히거나 깔림,"▶ 인양하중 및 화물의 형태를 고려하여 체인블록의 훅을 선정
▶ 훅과 훅 해지장치 등을 상시 점검하여 사용하고, 이상 시 폐기 처리","2019년 8월 천장주행 크레인으로 하부 바닥에 떨어진 개구부 덮개를 권상하던 중 탈사기 측면 철구조물에 걸려있던 인장된 체인슬링의 훅이 철구조물에서 이탈하면서 재해자 얼굴을 쳐서 사망. [유발요인] 훅해지장치가 없는 등 『줄걸이가 훅에서 이탈』해 떨어지는 화물에 부딪히거나 깔림 [대책] ▶ 인양하중 및 화물의 형태를 고려하여 체인블록의 훅을 선정
▶ 훅과 훅 해지장치 등을 상시 점검하여 사용하고, 이상 시 폐기 처리",,,기계기구·금속·비금속광물제품제조업,
기타의사업,,"2020년 8월경 정화조 지하벙커에서 재해자1 이 정화조 청소작업을 위해 내부로 들어갔다가 의식을 잃고 쓰러졌고, 재해자2 가 구조를 위해 벙커 내부로 들어갔다가 의식을 잃고 쓰려졌으며, 경비근무자가 119에 신고하여 병원으로 후송 된 후 1명 사망, 1명 부상",유해가스(황화수소),"피트, 맨홀, 오·폐수 처리시설 등 밀폐된 장소에서 작업",『산소·가소농도 미측정 및 송풍기를 이용한 강제환기 미실시』로 불활성 가스 또는 유해가스에 의한 산소결핍·질식·중독,"▶ 가스농도측정기로 적정공기 상태 선 확인
▶ 환기팬 등으로 환기 실시 후 작업을 실시
▶ 밀폐공간 출입금지 위험 표시","2020년 8월경 정화조 지하벙커에서 재해자1 이 정화조 청소작업을 위해 내부로 들어갔다가 의식을 잃고 쓰러졌고, 재해자2 가 구조를 위해 벙커 내부로 들어갔다가 의식을 잃고 쓰려졌으며, 경비근무자가 119에 신고하여 병원으로 후송 된 후 1명 사망, 1명 부상 [유발요인] 『산소·가소농도 미측정 및 송풍기를 이용한 강제환기 미실시』로 불활성 가스 또는 유해가스에 의한 산소결핍·질식·중독 [대책] ▶ 가스농도측정기로 적정공기 상태 선 확인
▶ 환기팬 등으로 환기 실시 후 작업을 실시
▶ 밀폐공간 출입금지 위험 표시",,,시설관리및사업지원서비스업,
제조업,,2020년 3월 열교환기 셀(shell)에 보강용 링을 설치하는 작업을 하던 중 갑자기 링이 이탈하면서 재해자의 머리부분을 가격하여 사망함,기타 설비(보강용 링),비정형 작업(정비·보수),"『설비 내부의 잔여 유·공압을 제거하지 않은 상태』에서 설비를 해체하여 구조물, 부속품 등이 튕겨나와 맞음","▶ 설비 점검 시 내부의 잔여 물질을 배출하여, 작업자에게 영향을 미치지 않도록 확인할 수 있는 근원적 위험방지대책 수립","2020년 3월 열교환기 셀(shell)에 보강용 링을 설치하는 작업을 하던 중 갑자기 링이 이탈하면서 재해자의 머리부분을 가격하여 사망함 [유발요인] 『설비 내부의 잔여 유·공압을 제거하지 않은 상태』에서 설비를 해체하여 구조물, 부속품 등이 튕겨나와 맞음 [대책] ▶ 설비 점검 시 내부의 잔여 물질을 배출하여, 작업자에게 영향을 미치지 않도록 확인할 수 있는 근원적 위험방지대책 수립",,,기계기구·금속·비금속광물제품제조업,
제조업,,2020년 4월 OO공장 옥외 작업장에서 재해자가 약 1.5m 높이의 작업발판 위에서 쓰러지는 철 구조물로 인해 발목 골절 및 허리 부상을 입은 재해임,분류 불가,상하차 작업 또는 적재된 화물,『매달아 올리거나 적재 상태가 불량한 물체』가 떨어지거나 무너지면서 맞거나 깔림,"▶ 주변의 중량물로 인한 깔림 방지를 위해 중량물 제거 후 작업
▶ 중량물 지지대 설치 후 수리·교체작업 실시","2020년 4월 OO공장 옥외 작업장에서 재해자가 약 1.5m 높이의 작업발판 위에서 쓰러지는 철 구조물로 인해 발목 골절 및 허리 부상을 입은 재해임 [유발요인] 『매달아 올리거나 적재 상태가 불량한 물체』가 떨어지거나 무너지면서 맞거나 깔림 [대책] ▶ 주변의 중량물로 인한 깔림 방지를 위해 중량물 제거 후 작업
▶ 중량물 지지대 설치 후 수리·교체작업 실시",,,기계기구·금속·비금속광물제품제조업,
기타의사업,,2020년 3월경 아파트 부출입구 계단에서 재해자가 청소를 하던 중 실족하여 계단 아래로 넘어지면서 사망,분류 불가,작업장소 통행/이동,이동 중 『어두운 장소의 요철부』에 걸려 넘어지거나 실족하여 떨어짐,"▶ 바닥에 존재하는 기름기 등 제거 조치
▶ 유분 비산을 방지하기 위한 가림판 설치","2020년 3월경 아파트 부출입구 계단에서 재해자가 청소를 하던 중 실족하여 계단 아래로 넘어지면서 사망 [유발요인] 이동 중 『어두운 장소의 요철부』에 걸려 넘어지거나 실족하여 떨어짐 [대책] ▶ 바닥에 존재하는 기름기 등 제거 조치
▶ 유분 비산을 방지하기 위한 가림판 설치",,,시설관리및사업지원서비스업,
제조업,,"2020년 3월 OO공장 정비고 앞에서 폐차압축기 프레임(구조물) 조립작업 중 폐차압축기 프레임 옆면과 가용접 되어있던 폐차압축기 상판이 전도되면서 2명이 사상(1명 사망, 1명 부상)",적재물(폐차압축기 부속품),상하차 작업 또는 적재된 화물,『매달아 올리거나 적재 상태가 불량한 물체』가 떨어지거나 무너지면서 맞거나 깔림,"▶ 주변의 중량물로 인한 깔림 방지를 위해 중량물 제거 후 작업
▶ 중량물 지지대 설치 후 수리·교체작업 실시","2020년 3월 OO공장 정비고 앞에서 폐차압축기 프레임(구조물) 조립작업 중 폐차압축기 프레임 옆면과 가용접 되어있던 폐차압축기 상판이 전도되면서 2명이 사상(1명 사망, 1명 부상) [유발요인] 『매달아 올리거나 적재 상태가 불량한 물체』가 떨어지거나 무너지면서 맞거나 깔림 [대책] ▶ 주변의 중량물로 인한 깔림 방지를 위해 중량물 제거 후 작업
▶ 중량물 지지대 설치 후 수리·교체작업 실시",,,기계기구·금속·비금속광물제품제조업,
기타의사업,,"2020년 10월경 건설폐기물처리 사업장 내에서 재해자가 건설폐기물 이물질 처리장에 있던 중, 재해자를 인지하지 못한 페이로더가 재해자를 충격 후 건설폐기물 이물질과 함께 하역하였으며 혼합폐기물 더미에서 사망한채 발견",건설기계(로더),혼재작업(작업자-작업차량),근로자와 작업차량 간 『혼재작업 장소에서 근로자 이동과 작업차량 운행을 통제하지 않은 상태』에서 근로자가 작업차량에 부딪히나 깔림 또는 주변 구조물과 작업차량 사이에 끼임,"▶ 지게차 이용 중량물 취급에 대한 작업계획서 작성(작업방법, 운행경로, 근로자와 지게차 혼재 작업 여부 등)
▶ 혼재 작업 시 작업지휘자 또는 유도자 배치","2020년 10월경 건설폐기물처리 사업장 내에서 재해자가 건설폐기물 이물질 처리장에 있던 중, 재해자를 인지하지 못한 페이로더가 재해자를 충격 후 건설폐기물 이물질과 함께 하역하였으며 혼합폐기물 더미에서 사망한채 발견 [유발요인] 근로자와 작업차량 간 『혼재작업 장소에서 근로자 이동과 작업차량 운행을 통제하지 않은 상태』에서 근로자가 작업차량에 부딪히나 깔림 또는 주변 구조물과 작업차량 사이에 끼임 [대책] ▶ 지게차 이용 중량물 취급에 대한 작업계획서 작성(작업방법, 운행경로, 근로자와 지게차 혼재 작업 여부 등)
▶ 혼재 작업 시 작업지휘자 또는 유도자 배치",,,시설관리및사업지원서비스업,
임업,,2020년 1월경 OO산 솎아베기 현장에서 재해자가 베어낸 벌도목의 가지치기 작업 중 벌도목이 돌아가 나뭇가지에 가슴과 목을 가격당해 사망,나무(벌도목),벌목·조재 작업,"『벌도목이 의도하지 않은 방향으로 쓰러지거나, 주변 장애물에 걸려』 작업자 방향으로 쓰러지면서 안면 또는 머리를 가격(부딪힘)","▶ 벌목 작업 시에는 사전에 대피장소를 정하여 작업 실시
▶ 충분한 안전거리를 확보하여, 다른 작업자와 동시에 작업 금지","2020년 1월경 OO산 솎아베기 현장에서 재해자가 베어낸 벌도목의 가지치기 작업 중 벌도목이 돌아가 나뭇가지에 가슴과 목을 가격당해 사망 [유발요인] 『벌도목이 의도하지 않은 방향으로 쓰러지거나, 주변 장애물에 걸려』 작업자 방향으로 쓰러지면서 안면 또는 머리를 가격(부딪힘) [대책] ▶ 벌목 작업 시에는 사전에 대피장소를 정하여 작업 실시
▶ 충분한 안전거리를 확보하여, 다른 작업자와 동시에 작업 금지",,,임업,
임업,,2020년 11월경 OO산 벌목현장에서 재해자가 나무에 걸쳐진 고사목의 상태를 확인하던 중 고사목이 떨어지면서 재해자를 가격해 사망,나무(고사목),벌목·조재 작업,『바람·눈·비 등 기상상황』에 의해 적재물 또는 구조물 등이 무너저 그 아래 깔림 ,"▶ 비, 눈, 그 밖의 기상상태의 불안정한 경우 영향을 받을 수 있는 옥외 작업 등을 금지
▶ 위험한 기상상황 발생 시 근로자 공지, 필요 시 대피방법 마련","2020년 11월경 OO산 벌목현장에서 재해자가 나무에 걸쳐진 고사목의 상태를 확인하던 중 고사목이 떨어지면서 재해자를 가격해 사망 [유발요인] 『바람·눈·비 등 기상상황』에 의해 적재물 또는 구조물 등이 무너저 그 아래 깔림  [대책] ▶ 비, 눈, 그 밖의 기상상태의 불안정한 경우 영향을 받을 수 있는 옥외 작업 등을 금지
▶ 위험한 기상상황 발생 시 근로자 공지, 필요 시 대피방법 마련",,,임업,
기타의사업,,2020년 8월경 조경현장에서 재해자가 조경작업을 종료한 후 사무실에 복귀하여 야외에서 홀로 휴식을 취하다가 쓰러져 병원으로 후송되었으나 열사병으로 사망,분류 불가,조경·제초작업,『더운 날씨에 적절한 휴식을 취하지 않고 무리하게 작업』 해 열사병 위험,"▶ 폭염에 노출되는 옥외 장소에서 작업을 하는 경우 휴게시설을 설치하고, 휴식시간을 부여
▶ 폭염 등 날씨에 대한 정보를 근로자에게 제공하고, 날씨의 변화에 따른 작업시간 변경 기준 마련(단축 등)","2020년 8월경 조경현장에서 재해자가 조경작업을 종료한 후 사무실에 복귀하여 야외에서 홀로 휴식을 취하다가 쓰러져 병원으로 후송되었으나 열사병으로 사망 [유발요인] 『더운 날씨에 적절한 휴식을 취하지 않고 무리하게 작업』 해 열사병 위험 [대책] ▶ 폭염에 노출되는 옥외 장소에서 작업을 하는 경우 휴게시설을 설치하고, 휴식시간을 부여
▶ 폭염 등 날씨에 대한 정보를 근로자에게 제공하고, 날씨의 변화에 따른 작업시간 변경 기준 마련(단축 등)",,,기타의각종사업,
임업,,2019년 5월경 OO산 벌목현장에서 재해자가 조재작업을 하기위해 이동하던 중 벌도목의 나뭇가지와 서로 엉켜있던 고사목이 갑자기 쓰러지면서 어깨와 머리를 맞고 치료 중 사망,나무(고사목),벌목·조재 작업,작업자 방향으로 『주변에서 작업하던 벌도목 또는 주변 수목에 걸려있던 벌도목』이 떨어(쓰러)지면서 작업자가 벌도목에 머리를 맞거나 그 아래 깔림,"▶ 벌목 작업 전 주변 나무에 걸려있는 나무를 확인하여 주변에서 작업 금지
▶ 충분한 안전거리를 확보하여, 다른 작업자와 동시에 작업 금지","2019년 5월경 OO산 벌목현장에서 재해자가 조재작업을 하기위해 이동하던 중 벌도목의 나뭇가지와 서로 엉켜있던 고사목이 갑자기 쓰러지면서 어깨와 머리를 맞고 치료 중 사망 [유발요인] 작업자 방향으로 『주변에서 작업하던 벌도목 또는 주변 수목에 걸려있던 벌도목』이 떨어(쓰러)지면서 작업자가 벌도목에 머리를 맞거나 그 아래 깔림 [대책] ▶ 벌목 작업 전 주변 나무에 걸려있는 나무를 확인하여 주변에서 작업 금지
▶ 충분한 안전거리를 확보하여, 다른 작업자와 동시에 작업 금지",,,임업,
기타의사업,,"2020년 1월경 선박에서 재해자 1이 홀드(석탄보관 선창) 해치커버 개방 작업을 하던 중, 홀드 출입용 맨홀하부 나선형사다리 계단참에 쓰러져 있는 채로 발견되었고 재해자 2(갑판장) 가 구조를 위해 진입하였으나 쓰러져 재해자 1은 사망, 재해자 2는 부상",유해가스,"피트, 맨홀, 오·폐수 처리시설 등 밀폐된 장소에서 작업",『산소·가소농도 미측정 및 송풍기를 이용한 강제환기 미실시』로 불활성 가스 또는 유해가스에 의한 산소결핍·질식·중독,"▶ 가스농도측정기로 적정공기 상태 선 확인
▶ 환기팬 등으로 환기 실시 후 작업을 실시
▶ 밀폐공간 출입금지 위험 표시","2020년 1월경 선박에서 재해자 1이 홀드(석탄보관 선창) 해치커버 개방 작업을 하던 중, 홀드 출입용 맨홀하부 나선형사다리 계단참에 쓰러져 있는 채로 발견되었고 재해자 2(갑판장) 가 구조를 위해 진입하였으나 쓰러져 재해자 1은 사망, 재해자 2는 부상 [유발요인] 『산소·가소농도 미측정 및 송풍기를 이용한 강제환기 미실시』로 불활성 가스 또는 유해가스에 의한 산소결핍·질식·중독 [대책] ▶ 가스농도측정기로 적정공기 상태 선 확인
▶ 환기팬 등으로 환기 실시 후 작업을 실시
▶ 밀폐공간 출입금지 위험 표시",,,기타의각종사업,
운수창고통신업,,"2020년 2월경 부두에서 재해자가 선박의 화물칸 내에서 지게차를 사용하여 스텐션 4개소 설치를 하던 중, 첫번째 스텐션 가용접 후 해당 구조물이 넘어지면서 재해자를 덮쳐 사망",적재물(스텐션/강구조물),용접·절단·사상 또는 도장 작업,"『주변 설비의 움직임을 인지하지 못하거나, 안전거리를 확보하지 않고 작업』 하여 작동하는 설비에 부딪히거나, 말림·끼임","▶ 같은 장소에서 이루어지는 도급인과 수급인의 작업 혼재 시 재해 발생 예방을 위한 의사 전달 체계 수립
▶ 안전작업허가제도로 작업 전·중·후 안전확보 상태 지속 확인","2020년 2월경 부두에서 재해자가 선박의 화물칸 내에서 지게차를 사용하여 스텐션 4개소 설치를 하던 중, 첫번째 스텐션 가용접 후 해당 구조물이 넘어지면서 재해자를 덮쳐 사망 [유발요인] 『주변 설비의 움직임을 인지하지 못하거나, 안전거리를 확보하지 않고 작업』 하여 작동하는 설비에 부딪히거나, 말림·끼임 [대책] ▶ 같은 장소에서 이루어지는 도급인과 수급인의 작업 혼재 시 재해 발생 예방을 위한 의사 전달 체계 수립
▶ 안전작업허가제도로 작업 전·중·후 안전확보 상태 지속 확인",,,육상및수상운수업,
제조업,,2020년 9월 OO공장에서 산소 공급라인에서 홀더가 갑자기 분리되어 튕기면서 근처에 있던 재해자의 머리부위를 가격하여 사망,분류 불가,작업장소 통행/이동,"『설비 내부의 잔여 유·공압을 제거하지 않은 상태』에서 설비를 해체하여 구조물, 부속품 등이 튕겨나와 맞음","▶ 설비 점검 시 내부의 잔여 물질을 배출하여, 작업자에게 영향을 미치지 않도록 확인할 수 있는 근원적 위험방지대책 수립","2020년 9월 OO공장에서 산소 공급라인에서 홀더가 갑자기 분리되어 튕기면서 근처에 있던 재해자의 머리부위를 가격하여 사망 [유발요인] 『설비 내부의 잔여 유·공압을 제거하지 않은 상태』에서 설비를 해체하여 구조물, 부속품 등이 튕겨나와 맞음 [대책] ▶ 설비 점검 시 내부의 잔여 물질을 배출하여, 작업자에게 영향을 미치지 않도록 확인할 수 있는 근원적 위험방지대책 수립",,,기계기구·금속·비금속광물제품제조업,
제조업,,2020년 12월 OO현장에서 재해자가 천장주행 크레인을 이용하여 철판을 들어올리는 중 달기구 훅이 빠지면서 재해자를 가격하여 사망,줄걸이기구(훅),"크레인(천장주행, 갠트리, 지브 등) 사용 작업",훅해지장치가 없는 등 『줄걸이가 훅에서 이탈』해 떨어지는 화물에 부딪히거나 깔림,"▶ 인양하중 및 화물의 형태를 고려하여 체인블록의 훅을 선정
▶ 훅과 훅 해지장치 등을 상시 점검하여 사용하고, 이상 시 폐기 처리","2020년 12월 OO현장에서 재해자가 천장주행 크레인을 이용하여 철판을 들어올리는 중 달기구 훅이 빠지면서 재해자를 가격하여 사망 [유발요인] 훅해지장치가 없는 등 『줄걸이가 훅에서 이탈』해 떨어지는 화물에 부딪히거나 깔림 [대책] ▶ 인양하중 및 화물의 형태를 고려하여 체인블록의 훅을 선정
▶ 훅과 훅 해지장치 등을 상시 점검하여 사용하고, 이상 시 폐기 처리",,,기계기구·금속·비금속광물제품제조업,
제조업,,2020년 5월경 OO사업장 선박 제품 제조공정에서 재해자가 인양화물 내에서 점검 중 설비가 동작하며 내부에서 끼이는 사고로 사망,인양물,"크레인(천장주행, 갠트리, 지브 등) 사용 작업",운반하는 물체 또는 주변 구조물 등에 의해 『설비 조작자의 시야가 확보되지 않은 상태에서 운반』하여 다른 구조물에 부딪히거나 그 사이에 끼임,"▶ 이송방향 전면에서 조작 및 시야 확보가 가능한 정도의 물량 운반
▶ 신호수를 배치하여 신호에 따라 운반작업 실시","2020년 5월경 OO사업장 선박 제품 제조공정에서 재해자가 인양화물 내에서 점검 중 설비가 동작하며 내부에서 끼이는 사고로 사망 [유발요인] 운반하는 물체 또는 주변 구조물 등에 의해 『설비 조작자의 시야가 확보되지 않은 상태에서 운반』하여 다른 구조물에 부딪히거나 그 사이에 끼임 [대책] ▶ 이송방향 전면에서 조작 및 시야 확보가 가능한 정도의 물량 운반
▶ 신호수를 배치하여 신호에 따라 운반작업 실시",,,선박건조및수리업,
제조업,,2020년 10월 OO공장 내 재해자가 작업장에서 이동하던 중 칩 보관피트 내부(높이 2m)로 떨어지면서 사망,분류 불가,작업장소 통행/이동,『설비를 밟고 올라 이동하거나 설비 사이를 뛰어넘어 이동』하다가 구조물에 다리가 걸려 넘어지거나 균형을 잃고 떨어짐,"▶ 추락위험구간에 안전난간 추가 설치
▶ 출하장소를 추락위험이 없는 장소로 위치 변경","2020년 10월 OO공장 내 재해자가 작업장에서 이동하던 중 칩 보관피트 내부(높이 2m)로 떨어지면서 사망 [유발요인] 『설비를 밟고 올라 이동하거나 설비 사이를 뛰어넘어 이동』하다가 구조물에 다리가 걸려 넘어지거나 균형을 잃고 떨어짐 [대책] ▶ 추락위험구간에 안전난간 추가 설치
▶ 출하장소를 추락위험이 없는 장소로 위치 변경",,,기계기구·금속·비금속광물제품제조업,
제조업,,2020년 11월 OO소속 재해자가 굴삭기 버킷의 후크와 드럼 축을 슬링 체인으로 연결하여 드럼을 들어올리던 중 버킷이 재해자를 타격 사망,굴착기(백호우),건설기계를 사용하는 작업,『핀 등을 이용해 작업장치의 연결부를 체결하지 않고 걸쳐놓은 상태』로 작업해 이탈한 작업장치에 맞거나 깔림,"▶ 기계기구의 운전시작 전에는 설비의 설치 상태, 방호장치 등을 점검
▶ 기계기구의 결함이 확인된 경우 관리자에게 알리고, 조치 전에는 사용을 금지하도록 규정 마련","2020년 11월 OO소속 재해자가 굴삭기 버킷의 후크와 드럼 축을 슬링 체인으로 연결하여 드럼을 들어올리던 중 버킷이 재해자를 타격 사망 [유발요인] 『핀 등을 이용해 작업장치의 연결부를 체결하지 않고 걸쳐놓은 상태』로 작업해 이탈한 작업장치에 맞거나 깔림 [대책] ▶ 기계기구의 운전시작 전에는 설비의 설치 상태, 방호장치 등을 점검
▶ 기계기구의 결함이 확인된 경우 관리자에게 알리고, 조치 전에는 사용을 금지하도록 규정 마련",,,기계기구·금속·비금속광물제품제조업,
제조업,,2020년 11월 OO 가공 작업장 내에서 재해자가 설비 시험작동 중 수직선반의 Z축 구조물이 이탈하면서 재해자를 충격하여 사망,생산설비(수직선반),비정형 작업(시운전),『설비에서 이탈하거나 튕겨나온 물체』에 맞음 ,"▶ 선반가공 시 척, 방진구 및 심압대 체결상태 확인 및 갇독 철저
▶ 칩 브레이커 등 설치·사용
▶ 보안경/보안면 등 안면보호구 착용","2020년 11월 OO 가공 작업장 내에서 재해자가 설비 시험작동 중 수직선반의 Z축 구조물이 이탈하면서 재해자를 충격하여 사망 [유발요인] 『설비에서 이탈하거나 튕겨나온 물체』에 맞음  [대책] ▶ 선반가공 시 척, 방진구 및 심압대 체결상태 확인 및 갇독 철저
▶ 칩 브레이커 등 설치·사용
▶ 보안경/보안면 등 안면보호구 착용",,,기계기구·금속·비금속광물제품제조업,
제조업,,2020년 9월 OO 작업장에서 철판을 천장크레인으로 옮기던 중 철판에 용접된 러그가 탈락되며 분리된 철판이 근로자 2명을 가격,줄걸이기구(리프팅 러그),"크레인(천장주행, 갠트리, 지브 등) 사용 작업","『줄걸이 기구의 용접 불량, 마모, 변형, 손상』으로 인해 운반하는 화물이 떨어지면서 부딪히거나 그 아래 깔림","▶ 설비·구조물 상태 정기적 점검 및 예방 관리
▶ 와이어로프 손상 시 즉시 교체하여 사용","2020년 9월 OO 작업장에서 철판을 천장크레인으로 옮기던 중 철판에 용접된 러그가 탈락되며 분리된 철판이 근로자 2명을 가격 [유발요인] 『줄걸이 기구의 용접 불량, 마모, 변형, 손상』으로 인해 운반하는 화물이 떨어지면서 부딪히거나 그 아래 깔림 [대책] ▶ 설비·구조물 상태 정기적 점검 및 예방 관리
▶ 와이어로프 손상 시 즉시 교체하여 사용",,,기계기구·금속·비금속광물제품제조업,
기타의사업,,"2019년 11월경 여자화장실 입구에서 재해자가 화장실 안으로 들어가던 중, 발을 헛딛으면서 우측 대퇴부 원위부가 골절되어 치료중 사망",분류 불가,작업장소 통행/이동,"『미끄러운 상태의 바닥(오일, 빙판 등)을 밟거나 바닥의 요철부』에 걸려 넘어지면서 머리를 부딪히거나 떨어짐","▶ 바닥에 존재하는 기름기 등 제거 조치
▶ 유분 비산을 방지하기 위한 가림판 설치","2019년 11월경 여자화장실 입구에서 재해자가 화장실 안으로 들어가던 중, 발을 헛딛으면서 우측 대퇴부 원위부가 골절되어 치료중 사망 [유발요인] 『미끄러운 상태의 바닥(오일, 빙판 등)을 밟거나 바닥의 요철부』에 걸려 넘어지면서 머리를 부딪히거나 떨어짐 [대책] ▶ 바닥에 존재하는 기름기 등 제거 조치
▶ 유분 비산을 방지하기 위한 가림판 설치",,,전문·보건·교육·여가관련서비스업,
제조업,,2014년 9월 OO공장에서 쇼트기 정비 작업중이던 재해자가 천장크레인이 작업자 방향으로 접근하자 이를 피하던 중 중심을 잃고 떨어지면서 방호덮개에 부딪힌 재해임,크레인(천장주행크레인),"설비 위, 지붕 등 높은 장소에서의 작업",『작업을 위해 밟고 있던 구조물이 파손되거나 균형을 잃기 쉬운 불안한 자세』로 작업하여 넘어지거나 떨어짐,"▶ 안전난간이 설치된 작업발판을 설치·사용
▶ 고소작업대 사용 또는 3.5m미만은 A자형 사다리 사용(2인1조) 관리
▶ 안전대 및 안전모 지급·착용 등 관리감독자 확인","2014년 9월 OO공장에서 쇼트기 정비 작업중이던 재해자가 천장크레인이 작업자 방향으로 접근하자 이를 피하던 중 중심을 잃고 떨어지면서 방호덮개에 부딪힌 재해임 [유발요인] 『작업을 위해 밟고 있던 구조물이 파손되거나 균형을 잃기 쉬운 불안한 자세』로 작업하여 넘어지거나 떨어짐 [대책] ▶ 안전난간이 설치된 작업발판을 설치·사용
▶ 고소작업대 사용 또는 3.5m미만은 A자형 사다리 사용(2인1조) 관리
▶ 안전대 및 안전모 지급·착용 등 관리감독자 확인",,,기계기구·금속·비금속광물제품제조업,
기타의사업,,"2020년 2월경 공장철거현장에서 재해자가 지붕 철거작업을 위해 지붕 위에서 칼라강판을 들고 옮기던 중, 노후화된 썬라이트를 밟는 순간 부서지면서 약 9.1m 아래로 떨어지며 사망",지붕·대들보(선라이트/채광창),"설비 위, 지붕 등 높은 장소에서의 작업",『작업을 위해 밟고 있던 구조물이 파손되거나 균형을 잃기 쉬운 불안한 자세』로 작업하여 넘어지거나 떨어짐,"▶ 안전난간이 설치된 작업발판을 설치·사용
▶ 고소작업대 사용 또는 3.5m미만은 A자형 사다리 사용(2인1조) 관리
▶ 안전대 및 안전모 지급·착용 등 관리감독자 확인","2020년 2월경 공장철거현장에서 재해자가 지붕 철거작업을 위해 지붕 위에서 칼라강판을 들고 옮기던 중, 노후화된 썬라이트를 밟는 순간 부서지면서 약 9.1m 아래로 떨어지며 사망 [유발요인] 『작업을 위해 밟고 있던 구조물이 파손되거나 균형을 잃기 쉬운 불안한 자세』로 작업하여 넘어지거나 떨어짐 [대책] ▶ 안전난간이 설치된 작업발판을 설치·사용
▶ 고소작업대 사용 또는 3.5m미만은 A자형 사다리 사용(2인1조) 관리
▶ 안전대 및 안전모 지급·착용 등 관리감독자 확인",,,전문·보건·교육·여가관련서비스업,
기타의사업,,"2020년 11월경 재해자가 환경정비(쓰레기 수거, 낙엽청소 등) 업무 수행 중, 몸상태가 좋지 않아 병원에서 치료받는 과정에서 쯔쯔가무시병에 의해 사망",독충(진드기),조경·제초작업,『작업장소 인근 독충·독사·벌·진드기』등에 물릴 위험,"▶ 작업 시 긴소매, 긴바지의 작업복을 착용하여 작업 실시
▶ 작업 시작 전 주변의 위험요소를 확인 후 위험요인을 제거 후 작업 실시","2020년 11월경 재해자가 환경정비(쓰레기 수거, 낙엽청소 등) 업무 수행 중, 몸상태가 좋지 않아 병원에서 치료받는 과정에서 쯔쯔가무시병에 의해 사망 [유발요인] 『작업장소 인근 독충·독사·벌·진드기』등에 물릴 위험 [대책] ▶ 작업 시 긴소매, 긴바지의 작업복을 착용하여 작업 실시
▶ 작업 시작 전 주변의 위험요소를 확인 후 위험요인을 제거 후 작업 실시",,,국가및지방자치단체의사업,
기타의사업,,"2020년 8월경 오피스텔 지하2층 토목집수정에서 재해자1과 재해자2가 수중모터 고장 수리를 위해 집수정 내부로 들어갔다가 쓰러짐. 이후 재해자3이 재해자1,2를 구조하기 위해 집수정 내부로 들어갔다가 쓰러진 후 119에 구조되었으나 3명 사망",유해가스,"피트, 맨홀, 오·폐수 처리시설 등 밀폐된 장소에서 작업",『산소·가소농도 미측정 및 송풍기를 이용한 강제환기 미실시』로 불활성 가스 또는 유해가스에 의한 산소결핍·질식·중독,"▶ 가스농도측정기로 적정공기 상태 선 확인
▶ 환기팬 등으로 환기 실시 후 작업을 실시
▶ 밀폐공간 출입금지 위험 표시","2020년 8월경 오피스텔 지하2층 토목집수정에서 재해자1과 재해자2가 수중모터 고장 수리를 위해 집수정 내부로 들어갔다가 쓰러짐. 이후 재해자3이 재해자1,2를 구조하기 위해 집수정 내부로 들어갔다가 쓰러진 후 119에 구조되었으나 3명 사망 [유발요인] 『산소·가소농도 미측정 및 송풍기를 이용한 강제환기 미실시』로 불활성 가스 또는 유해가스에 의한 산소결핍·질식·중독 [대책] ▶ 가스농도측정기로 적정공기 상태 선 확인
▶ 환기팬 등으로 환기 실시 후 작업을 실시
▶ 밀폐공간 출입금지 위험 표시",,,시설관리및사업지원서비스업,
제조업,,2017년 4월경 사업장내에서 재해자가 합금을 제조하는 작업 중 용해실의 몸체와 뚜껑을 체결하는 볼트가 파단되면서 날라온 뚜껑에 머리를 맞고 치료중 사망,생산설비(그레뉼 합금 제조기),가공 설비를 이용한 작업,"『과도한 힘(하중)으로 인해 설비, 재료 등이 파손·파단』되어 날라와 맞음","▶ 기계, 기구 등의 사용 시 정격하중을 확인하여, 적합한 기계, 기구를 선정하여 사용할 수 있는 절차 마련
▶ 설비 사용 전 점검을 실시하여 이상 시 적시에 조치 후 작업 실시","2017년 4월경 사업장내에서 재해자가 합금을 제조하는 작업 중 용해실의 몸체와 뚜껑을 체결하는 볼트가 파단되면서 날라온 뚜껑에 머리를 맞고 치료중 사망 [유발요인] 『과도한 힘(하중)으로 인해 설비, 재료 등이 파손·파단』되어 날라와 맞음 [대책] ▶ 기계, 기구 등의 사용 시 정격하중을 확인하여, 적합한 기계, 기구를 선정하여 사용할 수 있는 절차 마련
▶ 설비 사용 전 점검을 실시하여 이상 시 적시에 조치 후 작업 실시",,,기계기구·금속·비금속광물제품제조업,
기타의사업,,"2021년 11월경 야간 근무를 수행하는 재해자가 보이지 않아 실종신고 후, 지하3층 간이정화조 내부에서 사망한 상태로 발견",유해가스,"피트, 맨홀, 오·폐수 처리시설 등 밀폐된 장소에서 작업",『산소·가소농도 미측정 및 송풍기를 이용한 강제환기 미실시』로 불활성 가스 또는 유해가스에 의한 산소결핍·질식·중독,"▶ 가스농도측정기로 적정공기 상태 선 확인
▶ 환기팬 등으로 환기 실시 후 작업을 실시
▶ 밀폐공간 출입금지 위험 표시","2021년 11월경 야간 근무를 수행하는 재해자가 보이지 않아 실종신고 후, 지하3층 간이정화조 내부에서 사망한 상태로 발견 [유발요인] 『산소·가소농도 미측정 및 송풍기를 이용한 강제환기 미실시』로 불활성 가스 또는 유해가스에 의한 산소결핍·질식·중독 [대책] ▶ 가스농도측정기로 적정공기 상태 선 확인
▶ 환기팬 등으로 환기 실시 후 작업을 실시
▶ 밀폐공간 출입금지 위험 표시",,,기타의각종사업,
기타의사업,,"2021년 2월경 미생물 처리시설 폭기조에서 재해자1이 작업을 마치고 상부로 올라던 중 송기마스크를 벗어 의식을 잃고 쓰러졌고, 재해자2가 구조작업 중 쓰러져 1명 사망, 1명 부상",유해가스,"피트, 맨홀, 오·폐수 처리시설 등 밀폐된 장소에서 작업","『순간적으로 다량의 유해가스, 화학물질, 낮은 산소농도에 노출』되어 산소결핍·질식·중독 위험","▶ 가스농도측정기로 적정공기 상태 선 확인
▶ 환기팬 등으로 환기 실시 후 작업을 실시
▶ 밀폐공간 출입금지 위험 표시","2021년 2월경 미생물 처리시설 폭기조에서 재해자1이 작업을 마치고 상부로 올라던 중 송기마스크를 벗어 의식을 잃고 쓰러졌고, 재해자2가 구조작업 중 쓰러져 1명 사망, 1명 부상 [유발요인] 『순간적으로 다량의 유해가스, 화학물질, 낮은 산소농도에 노출』되어 산소결핍·질식·중독 위험 [대책] ▶ 가스농도측정기로 적정공기 상태 선 확인
▶ 환기팬 등으로 환기 실시 후 작업을 실시
▶ 밀폐공간 출입금지 위험 표시",,,시설관리및사업지원서비스업,
제조업,,2021년 10월 화학제품공장 내 폐수처리장에서 재해자가 중화처리조 수위를 육안으로 확인하기 위해 탱크 상부에 올라 맨홀을 열고 육안점검 중 다량의 황화수소에 노출되어 쓰러짐,유해가스(황화수소),"피트, 맨홀, 오·폐수 처리시설 등 밀폐된 장소에서 작업","『순간적으로 다량의 유해가스, 화학물질, 낮은 산소농도에 노출』되어 산소결핍·질식·중독 위험","▶ 가스농도측정기로 적정공기 상태 선 확인
▶ 환기팬 등으로 환기 실시 후 작업을 실시
▶ 밀폐공간 출입금지 위험 표시","2021년 10월 화학제품공장 내 폐수처리장에서 재해자가 중화처리조 수위를 육안으로 확인하기 위해 탱크 상부에 올라 맨홀을 열고 육안점검 중 다량의 황화수소에 노출되어 쓰러짐 [유발요인] 『순간적으로 다량의 유해가스, 화학물질, 낮은 산소농도에 노출』되어 산소결핍·질식·중독 위험 [대책] ▶ 가스농도측정기로 적정공기 상태 선 확인
▶ 환기팬 등으로 환기 실시 후 작업을 실시
▶ 밀폐공간 출입금지 위험 표시",,,화학및고무제품제조업,
기타의사업,,"2021년 11월경 골프장에서 재해자가 골프장 코스관리를 위해 칡넝쿨 등 제초작업을 하던 중, 플라스틱 생수병에 소분된 제초제를 음료수로 오인하고 음용하여 사망",분류 불가,조경·제초작업,"음료병에 들어있는 『무향, 무채색의 화학물질』 을 음료수로 오인하여 음용 위험","▶ 작업장에 사용하는 화학물질의 용기에 화학물질명과 경고표시 실시
▶ 사용 화학물질의 사용, 보관방법을 근로자에게 교육 실시","2021년 11월경 골프장에서 재해자가 골프장 코스관리를 위해 칡넝쿨 등 제초작업을 하던 중, 플라스틱 생수병에 소분된 제초제를 음료수로 오인하고 음용하여 사망 [유발요인] 음료병에 들어있는 『무향, 무채색의 화학물질』 을 음료수로 오인하여 음용 위험 [대책] ▶ 작업장에 사용하는 화학물질의 용기에 화학물질명과 경고표시 실시
▶ 사용 화학물질의 사용, 보관방법을 근로자에게 교육 실시",,,시설관리및사업지원서비스업,
운수창고통신업,,"2021년 1월경 버스 차고지에서 재해자가 걸어가던 중, 충전을 위해 충전소 방향으로 진행하던 버스에 부딪힌 후 앞바퀴에 역과하여 사망",기타 차량(버스),도로에서의 자동차 운전,"『차량운행 중 차량의 진행방향 및 사각지대를 확인하지 않아』근로자가 작업차량에 깔리거나, 주변 구조물과 작업차량 사이에 끼임","▶ 지게차 이용 중량물 취급에 대한 작업계획서 작성(작업방법, 운행경로, 근로자와 지게차 혼재 작업 여부 등)
▶ 혼재 작업 시 작업지휘자 또는 유도자 배치","2021년 1월경 버스 차고지에서 재해자가 걸어가던 중, 충전을 위해 충전소 방향으로 진행하던 버스에 부딪힌 후 앞바퀴에 역과하여 사망 [유발요인] 『차량운행 중 차량의 진행방향 및 사각지대를 확인하지 않아』근로자가 작업차량에 깔리거나, 주변 구조물과 작업차량 사이에 끼임 [대책] ▶ 지게차 이용 중량물 취급에 대한 작업계획서 작성(작업방법, 운행경로, 근로자와 지게차 혼재 작업 여부 등)
▶ 혼재 작업 시 작업지휘자 또는 유도자 배치",,,육상및수상운수업,
임업,,2021년 6월경 OO산 벌목현장에서 재해자가 벌목작업을 하던 중 벌도목이 넘어지면서 다른 나무가 뿌리째 뽑혀 재해자 방향으로 쓰러져 깔리면서 사망,나무(벌도목),벌목·조재 작업,"『주변 위험요소(낭떠러지, 회전체 등)를 파악하지 않고 작업』해 돌발상황에 적절하게 대처하지 못해 사고로 이어질 위험","▶ 같은 장소에서 이루어지는 도급인과 수급인의 작업 혼재 시 재해 발생 예방을 위한 의사 전달 체계 수립
▶ 안전작업허가제도로 작업 전·중·후 안전확보 상태 지속 확인","2021년 6월경 OO산 벌목현장에서 재해자가 벌목작업을 하던 중 벌도목이 넘어지면서 다른 나무가 뿌리째 뽑혀 재해자 방향으로 쓰러져 깔리면서 사망 [유발요인] 『주변 위험요소(낭떠러지, 회전체 등)를 파악하지 않고 작업』해 돌발상황에 적절하게 대처하지 못해 사고로 이어질 위험 [대책] ▶ 같은 장소에서 이루어지는 도급인과 수급인의 작업 혼재 시 재해 발생 예방을 위한 의사 전달 체계 수립
▶ 안전작업허가제도로 작업 전·중·후 안전확보 상태 지속 확인",,,임업,
임업,,2021년 11월경 OO산 벌목현장에서 재해자가 벌도목을 재단하기 위해 길이를 측정하던 중 주변 수목에 걸쳐진 벌도목이 떨어지면서 재해자를 덮쳐 사망,나무(벌도목),벌목·조재 작업,작업자 방향으로 『주변에서 작업하던 벌도목 또는 주변 수목에 걸려있던 벌도목』이 떨어(쓰러)지면서 작업자가 벌도목에 머리를 맞거나 그 아래 깔림,"▶ 벌목 작업 전 주변 나무에 걸려있는 나무를 확인하여 주변에서 작업 금지
▶ 충분한 안전거리를 확보하여, 다른 작업자와 동시에 작업 금지","2021년 11월경 OO산 벌목현장에서 재해자가 벌도목을 재단하기 위해 길이를 측정하던 중 주변 수목에 걸쳐진 벌도목이 떨어지면서 재해자를 덮쳐 사망 [유발요인] 작업자 방향으로 『주변에서 작업하던 벌도목 또는 주변 수목에 걸려있던 벌도목』이 떨어(쓰러)지면서 작업자가 벌도목에 머리를 맞거나 그 아래 깔림 [대책] ▶ 벌목 작업 전 주변 나무에 걸려있는 나무를 확인하여 주변에서 작업 금지
▶ 충분한 안전거리를 확보하여, 다른 작업자와 동시에 작업 금지",,,임업,
제조업,,2021년 2월 타이어공장에서 재해자가 압연동 옥상에 있는 세정탑 펌프 배관 수리작업을 하던 중 근처 환기설비 배기구에서 배출되는 오존가스에 노출,유해가스(오존가스),위험물질 취급 또는 그 장소에서 수행하는 작업,『작업장소 또는 그 주변엥서 취급하는 위험물질을 파악 및 제거하지 않은 상태』에서 작업하여 화재·폭발·질식 위험,"▶ 위험물질에 대한 MSDS 비치 및 근로자 교육
▶ 공급원재료의 종류, 공급되는 설비명 표시
▶ 가스검지 및 경보장치·긴급차단장치 및 방유제 설치","2021년 2월 타이어공장에서 재해자가 압연동 옥상에 있는 세정탑 펌프 배관 수리작업을 하던 중 근처 환기설비 배기구에서 배출되는 오존가스에 노출 [유발요인] 『작업장소 또는 그 주변엥서 취급하는 위험물질을 파악 및 제거하지 않은 상태』에서 작업하여 화재·폭발·질식 위험 [대책] ▶ 위험물질에 대한 MSDS 비치 및 근로자 교육
▶ 공급원재료의 종류, 공급되는 설비명 표시
▶ 가스검지 및 경보장치·긴급차단장치 및 방유제 설치",,,화학및고무제품제조업,
기타의사업,,"2021년 5월경 컨테이너 하역장에서 재해자가 컨테이너 차량을 하역장(도크에)에 후진으로 정차시킨 후 컨테이너 문을 개방하는 순간, 내부에서 떨어진 폐지 베일(bale)에 부딪히고 깔리면서 사망",운반물(폐지베일),상하차 작업 또는 적재된 화물,『화물의 무게가 한쪽으로 치우쳐진 상태 등』 적재상태가 불량한 화물이 무너지면서 맞거나 깔림,"▶ 전도·낙하 방지를 위해 중량물 제거 후 작업
▶ 중량물 고정 실시 후 수리작업 실시","2021년 5월경 컨테이너 하역장에서 재해자가 컨테이너 차량을 하역장(도크에)에 후진으로 정차시킨 후 컨테이너 문을 개방하는 순간, 내부에서 떨어진 폐지 베일(bale)에 부딪히고 깔리면서 사망 [유발요인] 『화물의 무게가 한쪽으로 치우쳐진 상태 등』 적재상태가 불량한 화물이 무너지면서 맞거나 깔림 [대책] ▶ 전도·낙하 방지를 위해 중량물 제거 후 작업
▶ 중량물 고정 실시 후 수리작업 실시",,,도소매·음식·숙박업,
기타의사업,,"2021년 11월경 순환골재라인에서 재해자가 컨베이어 위에 올라가 작업을 하던 중, 갑자기 작동한 컨베이어에 실려 크라셔(Crusher)로 이동되어 사망",컨베이어,비정형 작업(점검),『설비를 정지시키지 않거나 전원을 차단하지 않은 상태』에서 정비·보수·청소 등의 작업을 하다가 끼이거나 말림,"▶ 설비 가동중 이물질 제거 등이 발생할 수 있는 생산작업을 분석하고 근원적 접근방지대책 수립
▶ 끼임재해 우려가 있어 가동정지 후 작업이 필요한 설비 목록화→LOTO(Lock Out,  Tag Out) 대상 확정·시행 
▶ 작업 절차에 대해 근로자 교육실시","2021년 11월경 순환골재라인에서 재해자가 컨베이어 위에 올라가 작업을 하던 중, 갑자기 작동한 컨베이어에 실려 크라셔(Crusher)로 이동되어 사망 [유발요인] 『설비를 정지시키지 않거나 전원을 차단하지 않은 상태』에서 정비·보수·청소 등의 작업을 하다가 끼이거나 말림 [대책] ▶ 설비 가동중 이물질 제거 등이 발생할 수 있는 생산작업을 분석하고 근원적 접근방지대책 수립
▶ 끼임재해 우려가 있어 가동정지 후 작업이 필요한 설비 목록화→LOTO(Lock Out,  Tag Out) 대상 확정·시행 
▶ 작업 절차에 대해 근로자 교육실시",,,시설관리및사업지원서비스업,
제조업,,2020년 11월 OO 사업장 골재 선별기 슈트에서 재해자가 청소작업 중 벽에 붙어 있던 석분이 떨어지면서 재해자가 매몰되어 사망,암석(석분덩이),상하차 작업 또는 적재된 화물,『화물의 무게가 한쪽으로 치우쳐진 상태 등』 적재상태가 불량한 화물이 무너지면서 맞거나 깔림,"▶ 전도·낙하 방지를 위해 중량물 제거 후 작업
▶ 중량물 고정 실시 후 수리작업 실시","2020년 11월 OO 사업장 골재 선별기 슈트에서 재해자가 청소작업 중 벽에 붙어 있던 석분이 떨어지면서 재해자가 매몰되어 사망 [유발요인] 『화물의 무게가 한쪽으로 치우쳐진 상태 등』 적재상태가 불량한 화물이 무너지면서 맞거나 깔림 [대책] ▶ 전도·낙하 방지를 위해 중량물 제거 후 작업
▶ 중량물 고정 실시 후 수리작업 실시",,,기계기구·금속·비금속광물제품제조업,
