기인물,건수
분류 불가,327
지게차,124
컨베이어,56
사다리(이동식/A형),48
나무(벌도목),47
리프트(일반작업용),39
인화성물질,39
크레인(천장주행크레인),35
굴착기(백호우),33
화물운반트럭(카고트럭),32
건설기계(로더),28
지붕·대들보(선라이트/채광창),27
사다리(이동식/일자형),23
산업용로봇,19
기계식 주차설비,18
사다리(고정식),18
적재물(톤백),16
유해가스,13
전기충전부,12
분쇄·파쇄기,12
크레인(이동식크레인/카고크레인),12
화물운반트럭(덤프트럭),12
사출성형기,12
사출성형기(블로우몰딩머신),11
유해가스(황화수소),11
사다리(이동식/조경용),10
줄걸이기구(섬유로프/슬링벨트),9
엘리베이터,9
이동대차,9
화물운반트럭(청소차량/압착식진개차),9
생산설비(프레스),9
기타 차량(버스),9
크레인(갠트리크레인),9
달비계 로프,8
암석,8
고소작업대(시저형/렌탈),8
혼합기,8
지붕·대들보(슬레이트),7
혼합기(콘크리트 믹서),7
인화성물질(LPG),7
줄걸이기구(훅),7
줄걸이기구(리프팅 러그),7
적재물,7
리프트(간이리프트),6
줄걸이기구(와이어로프),6
고소작업대(차량탑재형/스카이),6
화학물질(황산),6
기타 차량(사다리차/이삿짐운반용 차량),6
기타 차량(오토바이),6
지붕·대들보(샌드위치판넬),6
적재물(적재대),5
비계(BT아시바/이동식비계),5
기타 차량(승용차),5
기타 차량(전동카트),5
지붕·대들보(천막),5
고온물질(스팀),5
줄걸이기구(클램프),5
크레인(이동식크레인/집게차),5
기타 차량(열차/기차),4
혼합기(식품용),4
용접기(가스절단기/용접기),4
화물운반트럭(암롤트럭),4
운반물(파이프 더미),4
비계(강관비계),4
혼합기(교반기),4
화물운반트럭(탱크로리),4
섬유로프(슬링벨트),4
생산설비(연신기),4
차량탑재형 고소작업대(스카이),4
생산설비(압출기),3
생산설비(원심기),3
나무(조재목),3
적재물(철판),3
가공물(H빔),3
기타 설비(테이블 리프트),3
생산설비(와인더/권취기),3
생산설비(압축기),3
나무,3
기타 설비(동력문),3
고온물질(고온수),3
줄걸이기구(체인),3
적재물(코일),3
전기충전부(콘센트),3
기타 설비(공기압축기),3
유해가스(질소),3
수공구(핸드 그라인더),3
용접기(CO2용접기),3
운반물(파이프),2
금속가공기계(CNC선반),2
자동화설비(큐빙기),2
금속가공기계(드릴기),2
이동대차(전동이동식),2
적재물(파렛트),2
기타 차량(야드 트랙터),2
용접기(교류아크용접기),2
적재물(리프팅 프레임),2
적재물(고철더미),2
지붕·대들보(석고보드),2
적재물(석재),2
고소작업대(굴절식),2
수공구(핸드그라인더),2
생산설비(신선기),2
인화성물질(메탄올),2
화학물질(삼불화질소),2
생산설비,2
금속가공기계(범용선반),2
자동화설비(갠트리로더<자동이송장치>),2
운반물(H빔),2
인양물,2
생산설비(환편기),2
금속가공설비(CNC 드릴),2
생산설비(발포기/가압성형기),2
기타 차량(스노우모빌),2
자동화설비(포장기),2
자동화설비(파렛타이저),2
자동화설비,2
기타 차량(승합차),2
수공구(공구길이 연장용 파이프),2
화물운반트럭(살수차),2
생산설비(열처리로),2
화물운반트럭(트레일러),2
운반물(금형),2
화물운반트럭(화물트럭),2
적재물(금형),2
화학물질(화약),2
생산설비(발포성형기),2
생산설비(롤러),2
건설기계(기중기),2
기타 설비(기계톱),2
생산설비(블록성형기),2
가공물(철판),2
건설기계(불도저),2
기타 차량(농기계/트랙터),2
가공물,2
기타 설비(배선용 차단기),2
적재물(원목더미),2
운반물(코일),2
기타 설비(소각로),2
자동화설비(갠트리 로더),2
자동화설비(세척기),2
화학물질,2
금속가공기계(CNC 선반),2
고소작업대(보행식),2
나무(고사목),2
전기충전부(전선),2
나무(기타),2
적재물(강관주),2
화학물질(수산화나트륨/가성소다),2
용접기(아르곤용접기),2
에스컬레이터,1
안전난간,1
적재물(정비중인 구조물/측면판),1
화학물질(윤활유),1
기타 설비(필터프레스),1
가공물(용접구조물/트러스),1
운반물(사다리),1
유해가스(일산화탄소),1
기타 설비(핀세터기),1
전기충전부(충전전로/케이블),1
이동대차(원단건조대),1
생산설비(레이저 절단기),1
적재물(샌드위치 패널),1
생산설비(자력 선별기),1
인화성물질(에틸알코올),1
기타 설비(송풍기),1
생산설비(염색기),1
화학물질(테레프탈산/PTA),1
생산설비(쉐이빙기),1
생산설비(펄퍼기),1
인화성물질(톨루엔),1
생산설비(사료건조기),1
크레인(호이스트),1
화물운반트럭(워킹카),1
생산설비(쇼트기),1
생산설비(칠러/냉각기),1
생산설비(주조기/다이캐스팅기),1
적재물(공작기계용 베드),1
적재물(모터),1
기타 설비(파열판),1
자동화설비(자동이송설비),1
기타 차량(트리퍼 카),1
생산설비(진공 성형기),1
운반물(가구),1
생산설비(가열로<발포로>),1
건설기계(레미콘믹서트럭),1
생산설비(킬른/석회소성로),1
생산설비(폐레미콘 재생설비),1
생산설비(여과기),1
생산설비(열분해로),1
자동화설비(너클 완체결 머신),1
암석/암반,1
생산설비(전도기),1
가공물(블록 부재),1
인화성물질(휘발유),1
자동화설비[자동급지장치(Automatic Sheet Feeder)],1
적재물(수직부재),1
운반물(차량테크),1
기타 설비(코팅기/냉각롤),1
운반물(모듈유닛),1
운반물(앵글 다발),1
가공물(축전지),1
유해가스(아르곤가스),1
가공물(선박엔진 부분품/에어쿨러 프레임-AFT),1
기타 설비(Forming Arm),1
적재물(각재목 묶음),1
화물운반트럭(청소차량/음식물수거차),1
유해가스(세척액증기),1
적재물(펄프),1
자동화설비(압착탈수기),1
생산설비(코일이송장치/Turn-Stile Unloader),1
생산설비(동력식 수동대패),1
생산설비(초지기),1
금속가공설비(터닝센터),1
기타 설비(파쇄기/텐선로드),1
자동화설비(골게터),1
이동 대차(캐리어),1
생산설비(트레버스),1
운반물(톤백),1
기타 설비(수중 펌프),1
적재물(수거용기),1
화학물질(소화약제분말),1
인화성물질(부생가스),1
운반물(파이프 다발),1
운반물(육수),1
생산설비(레피어직기/Rapier loom/RPL),1
생산설비(냉간성형기),1
운반물(환봉더미),1
적재물(강화유리),1
적재물(철선코일),1
적재물(마대자루 묶음 ),1
운반물(콘크리트 호퍼),1
생산설비(성형기),1
운반물(각목),1
생산설비(오프셋 인쇄기),1
적재물(IBC탱크/벌크용기),1
생산설비(합판 시트지 접착기),1
용접기(덕트용접기/자동용접기),1
운반물(합판 묶음),1
수공구(에어타카),1
자동화설비(열처리로 송급장치),1
구조물(그리드),1
인화성물질(아연분말),1
크레인,1
화학물질(HCFC-123<306-83-2>),1
적재물(농구 백보드),1
자동화설비(자동투입기),1
생산설비(용해로/유도로),1
생산설비(축열식 소각로),1
생산설비(수평형 압출기),1
자동화설비(자동적재기),1
생산설비(Seal Dispenser),1
생산설비(인쇄기),1
이동 대차(양생대차),1
생산설비(텐더기),1
생산설비(옵셋 인쇄기),1
운반물(적재함),1
기타 설비(배관),1
운반물(사각 파이프),1
생산설비(콘크리트 블록 성형기),1
운반물(철근다발),1
나무(잣나무),1
기타 설비(세차장 세차기),1
적재물(유로폼),1
줄걸이기구(샤클),1
적재물(원지롤),1
화학물질(열매유),1
적재물(금속 구조물),1
생산설비(가동형 분배기),1
생산설비(압연기),1
적재물(모래),1
생산설비(모듈 트랜스포터),1
운반물(ㄱ자형강),1
기타 설비(양생실 문/샌드위치 판넬),1
적재물(표지석),1
적재물(판재묶음),1
기타 설비(대형출입문/빅도어),1
자동화설비(H-형강 자동개선기/베벨링머신),1
가공물(강구조물),1
생산설비(원심탈수기),1
생산설비(조사료 절단기),1
구조물(선박 블록),1
적재물(브레이스),1
기타 설비(배풍기),1
사다리(파일럿래더),1
금속가공설비(수평형 NC 보링머신),1
줄걸이기구(리프팅 마그넷),1
인화성물질(수소),1
화학물질(등유),1
운반물(SWAGING MACHINE),1
적재물(FIN 코일),1
전기충전부(COS<Cut Out Switch>),1
생산설비(단조기),1
가공물(철 구조물),1
자동화설비(철근 단면정렬 푸셔),1
생산설비(쿨링타워),1
기타 차량(습식 청소차),1
적재물(주물사 포대),1
적재물(볼류트 케이싱),1
적재물(각파이프 묶음),1
구조물(콘크리트 배치 플랜트 워크웨이),1
독충(말벌),1
생산설비(텐더기 와인더 롤러),1
자동화설비(자동조형기),1
생산설비(정경기),1
생산설비(연삭기 숫돌),1
운반물(리더),1
인화성물질(알코올),1
구조물(갠추리 암),1
적재물(주형상자/주형틀),1
자동화설비(파이프 이송설비),1
기타 설비(철문),1
화학물질(시안화나트륨),1
적재물(컨테이너),1
적재물(압축폐지),1
생산설비(라미네이터),1
적재물(냉동정육상자),1
생산설비(열충격 시험기),1
생산설비(LLO<Laser Lift Off>),1
생산설비(벨트카렌더),1
기타 설비(고철제거용 자석),1
생산설비(소각열 회수시설/소각로)),1
생산설비(호퍼건조기),1
적재물(설비),1
생산설비(목재가공용기계/둥근톱기계),1
자동화설비(쓰레기 자동집하시설<Auto Clean Net>),1
기타 설비(탄산가스통),1
생산설비(목재 도장용 코팅기),1
적재물(파이프다발),1
인화성물질(금속분진),1
적재물(주형틀),1
화학물질(추진체),1
운반물(철굴조물),1
생산설비(융착기),1
화학물질(고압 산소),1
인화성물질(메틸에틸케톤/MEK),1
가공물(강선),1
인화성물질(경화제),1
구조물(철판),1
운반물(강판 다발),1
기타 설비(예초기),1
생산설비(선별기),1
생산설비(LAY-UP 설비),1
가공물(강제판넬<WL>),1
자동화설비(제병기),1
생산설비(툴사상기),1
기타 설비(소각스팀보일러),1
생산설비(맨홀성형기),1
전기충전부(밴드히터접속부),1
생산설비(용해로 래들),1
적재물(원목),1
금속가공설비[스피닝기(Spinning M/C)],1
기타 차량(개조 운반차),1
기타 설비(벨로우즈 밸브),1
유해가스(염소),1
적재물(원형 압연 코일),1
크레인(기타/트랜스퍼크레인),1
화물운반트럭(야드트랙터),1
금속가공기계(CNC터닝 머신),1
생산설비(선반),1
독충(땅벌),1
자동화설비(자동투입설비),1
운반물(컨테이너),1
가공물(체인로커(Chain Locker)),1
인화성물질(정제유증기),1
적재물(변압기),1
운반물(주형틀),1
기타 설비(노통연관 보일러),1
화학물질(작약),1
운반물(경유탱크),1
용접기(스폿용접기),1
생산설비(용접장치),1
자동화설비[자동송급장치(NC Leveller Feeder)],1
자동화설비(이재기),1
자동화설비(이송장치),1
적재물(원사),1
생산설비(해포기),1
기타 설비(소독기),1
자동화설비(수직반송기),1
화학물질(냉매<HCFC-123>),1
줄걸이기구(아이볼트),1
지붕·대들보(파이프),1
생산설비(광택연마기/BM/Brushing Machine),1
가공물(샤프트),1
유해가스(트리클로에틸렌 증기),1
생산설비(코팅설비),1
생산설비(리와인더기),1
기타 설비(골게터),1
생산설비(절곡기),1
운반물(샌드위치판넬),1
리프트(차량정비용리프트),1
생산설비(권취기/RECOILER),1
생산설비(키커),1
자동화설비(큐빅라인),1
생산설비(솜틀기계),1
자동화설비(언로더 포크),1
자동화설비(압착식 탈수기),1
적재물(판유리),1
화학물질(에틸벤젠),1
생산설비(빗살냉각기),1
생산설비(용해로/열분해로),1
적재물(조형플라스크),1
운반물(지붕구조물),1
적재물(시트파일 다발),1
기타 설비(스태커 암),1
자동화설비(롤지 이동용 설비),1
생산설비(폐지 압축기),1
자동화설비[자동적재기(Stacking M/C)],1
화학물질(EVA<24937-78-8>),1
고온물질(고온의 수첨유),1
크레인(타워크레인),1
전기충전부(서지피뢰기<Surge Arrester>),1
생산설비(언코일러),1
마모된 나사,1
용접중인 제품(유류저장탱크),1
운반물(철근 다발),1
적재물(절곡기 측판),1
생산설비(진공챔버),1
화물운반트럭(활어운반차),1
금속가공기계(CNC 드릴),1
가공물(파이프),1
생산설비(용해로/전기로),1
구조물(압력용기 경판),1
기타 설비(스트레틀 캐리어),1
생산설비(바란싱장비),1
기타 설비(아스팔트 피니셔),1
거푸집,1
기타 설비(실린더 가이드 프레임),1
운반물(조형상자),1
운반물(원형파이프),1
생산설비(롤 밴딩머신/밴딩 롤러),1
인화성물질(A2024-T351<Al-Cu-Mg합금> 분말),1
금형,1
기타 설비(맹판/Q.S.S.B),1
화학물질(과산화수소),1
수공구(레버풀러),1
화학물질(윤활액),1
생산설비(로드밀),1
화학물질(도형제),1
자동화설비(제품다단적재기 포스트 프레임),1
기타 차량[리치 스태커(Reach Stacker)],1
가공물(사일로),1
자동화설비(몰드 푸셔),1
생산설비(리와인더),1
생산설비(반응기),1
적재물(전기 가마),1
기타 설비(보강용 링),1
적재물(석조물/비석),1
기타 설비(압출기 볼트),1
적재물(폐차압축기 부속품),1
테이블 리프트(높낮이 조절 작업대),1
적재물(드럼통),1
적재물(파이프 더미),1
생산설비(호첨기),1
크레인(기타/건설기계/기중기),1
생산설비(리코일러),1
적재물(인쇄종이),1
생산설비(시멘트 양생설비),1
운반물(롤테이너),1
적재물(강관파일),1
유해가스(이산화탄소),1
유해가스(메탄),1
자동화설비(성형기),1
적재물(강선코일),1
자동화설비(집적 리프트),1
적재물(강관파이프),1
기타 설비(레이더스캐너<Radar Scanner>),1
적재물(스텐션/강구조물),1
기타 설비(고압세척기),1
생산설비(연마기),1
기타 설비(엔진/크랭크 샤프트),1
적재물(유압잭),1
기타 설비(냉장고),1
인화성물질(유증기),1
생산설비(확관기),1
운반물(도금제품 행거),1
줄걸이기구(부적합한 줄걸이기구<철사>),1
적재물(철판코일),1
생산설비(수직선반),1
적재물(철 구조물),1
전기충전부(고압충전전로),1
유해가스(부탄),1
인화성물질(부탄),1
고소작업대,1
생산설비(턴디쉬),1
기타 설비(변성기/MOF),1
위험물질(고온의 물),1
생산설비(보링기),1
기타 설비(릴리프 밸브),1
기타 설비(두루마리형 보온덮개 동력 개폐기),1
기타 차량(동력운반차),1
독충(진드기),1
생산설비(톰슨기),1
운반물(세탁물 더미),1
기타 설비(LPG저장탱크),1
크레인(기타/건설기계/크롤러크레인),1
기타 설비(우레탄 폼 용기),1
생산설비(열교환기),1
생산설비(그레뉼 합금 제조기),1
기타 설비(세탁기),1
수공구(체인블록),1
생산설비(육절기),1
지붕·대들보(빗물받이),1
생산설비(자력선별기),1
적재물(칼),1
생산설비(석재절단기),1
생산설비(수평재단기),1
적재물(주물형틀),1
생산설비(압축성형기),1
적재물[반도체 검사장비(WAFER INSPECTION STAGE)],1
용접중인 제품(물탱크),1
금속가공설비(머시닝센터<MCT>),1
화학물질(불화수소),1
금속가공설비(CNC 선반),1
생산설비(전단기),1
운반물(파렛트),1
적재물(흙막이판/철재 구조물),1
전기충전부(충전전로),1
생산설비(가열로),1
자동화설비(포장기/덤웨이트),1
운반물(가이드레일),1
자동화설비(갠트리로더),1
유해가스(오존가스),1
운반물(폐지베일),1
나무(피해목),1
운반물(닻),1
암석(석분덩이),1
생산설비(누체필터),1
지붕·대들보(구분불가),1
자동화설비(자동절단프레스),1
지붕·대들보(슬라브),1
줄걸이기구(톤백 끈),1
가공물(철골),1
