업종,작업,발생형태,질문,가중치,law_ref
건설업,굴착 작업,무너짐,굴착작업 시 굴착면의 기울기가 지반 특성에 따른 안전 기준을 준수하고 있는가?,7,"1956,1958,1340"
건설업,굴착 작업,무너짐,굴착저면에서 작업하는 근로자에 대해 상시 감시 및 신호수를 배치하여 붕괴 위험에 대응할 수 있도록 하였는가?,7,"1999,1969,1347"
건설업,굴착 작업,무너짐,"굴착작업 전에 해당 지반의 지형, 지질, 지층상태 및 함수 유무에 대한 사전조사를 실시하였는가?",6,"1955,1338"
건설업,굴착 작업,무너짐,붕괴 위험이 있는 굴착구간에 작업 전 흙막이 지보공을 설치하였는가?,6,"1969,1352,1340"
건설업,굴착 작업,무너짐,"굴착저면에서 작업하는 근로자를 위해 붕괴된 토사로부터 보호할 수 있는 안전조치(덮개, 방호울, 안전망 등)를 설치하였는가?",6,"1487,1969,1340"
건설업,굴착 작업,깔림.뒤집힘,"차량계 건설기계(굴착기, 덤프트럭 등) 작업 시 전담 신호수 또는 유도자를 배치하고 있는가?",6,"1964,1962,1731"
건설업,굴착 작업,깔림.뒤집힘,작업장 내 근로자 출입 통제 구역을 명확히 설정하고 차량계 건설기계 작업 반경 내 근로자 출입을 통제하고 있는가?,6,"1964,1731,1962"
건설업,굴착 작업,깔림.뒤집힘,"차량계 건설기계의 후방카메라, 후사경, 후방감지장치 등 방호장치가 정상 작동하는지 정기적으로 점검하고 있는가?",5,"1575,1045"
건설업,굴착 작업,깔림.뒤집힘,"차량계 건설기계 이동 시 작업경로, 작업방법, 신호방법 등에 대한 사전 계획을 수립하고 있는가?",3,"1733,1476,1697"
건설업,굴착 작업,깔림.뒤집힘,유도자(신호수)를 차량에 부딪칠 위험이 없는 안전한 위치에 배치하고 있는가?,3,"1964,1731,1962"
건설업,굴착 작업,빠짐익사,"물이 있는 작업장에서 근로자가 작업할 때, 물에 빠질 경우를 대비하여 구명조끼, 구명줄, 구조용 장비 등을 준비했는가?",6,2037
건설업,굴착 작업,빠짐익사,"물이 있는 작업장(하천, 호수, 바다 등)에서 건설기계나 차량을 운행할 때, 사전에 수심, 지형, 지반 상태를 점검하고 작업경로를 계획했는가?",3,1955
건설업,굴착 작업,빠짐익사,"굴착기나 덤프트럭 등 건설기계가 물 근처에서 작업할 때, 세굴, 침하, 붕괴 위험을 방지하기 위해 유도자를 배치했는가?",3,"1962,2005"
건설업,굴착 작업,빠짐익사,"개구부(기초굴착부, 집수정, 용수잠관 등)가 있는 작업장에서 추락 및 빠짐 위험을 방지하기 위해 덮개, 안전난간, 또는 접근금지 표지를 설치했는가?",3,1487
건설업,굴착 작업,빠짐익사,"물이 있는 작업장에서 흙탕물 등으로 수심 아래 지형을 파악할 수 없는 경우, 웨빙띠나 깃발 등으로 위험구간을 사전에 표시했는가?",2,"1955,1969"
건설업,흙막이 지보공 작업,물체에맞음,중량물 취급 작업 시 근로자 출입을 통제하고 유도자(신호수)를 배치하고 있는가?,8,"1656,2005"
건설업,흙막이 지보공 작업,물체에맞음,중량물 인양 작업 중 인양물의 탈락 방지 방법을 작업계획서에 명시하고 실행하고 있는가?,7,1969
건설업,흙막이 지보공 작업,물체에맞음,중량물 인양 작업 시 작업계획서를 사전에 작성하고 관리감독자를 배치하여 작업하고 있는가?,6,1473
건설업,흙막이 지보공 작업,물체에맞음,"체인블록, 와이어로프, 클램프 등 중량물 취급 장비의 해지장치와 결합부를 정기적으로 점검하고 불량품을 교체하고 있는가?",5,"1969,2104"
건설업,흙막이 지보공 작업,물체에맞음,"흙막이 지보공 부재(띠장, H-형강, 어스앵커 등)에 대해 사전에 단면결손, 변형, 용접불량, 부식 등을 검수하고 있는가?",5,"1969,1966"
건설업,흙막이 지보공 작업,떨어짐,흙막이 지보공 위의 띠장이나 버팀보 위에서 작업할 때 근로자가 균형을 잃지 않도록 충분한 폭의 작업면을 확보하고 있는가?,7,"1969,1486"
건설업,흙막이 지보공 작업,떨어짐,흙막이 지보공 상부에서 작업할 때 안전대를 지급하고 근로자가 착용한 상태에서 작업을 실시하고 있는가?,6,"1969,1486"
건설업,흙막이 지보공 작업,떨어짐,추락위험이 있는 장소에 안전난간이나 추락방호망이 설치되어 있는가?,6,"1969,1487"
건설업,흙막이 지보공 작업,떨어짐,근로자가 안전하게 이동할 수 있는 가설통로가 설치되어 있고 항상 사용 가능한 상태로 유지되고 있는가?,5,"1969,1487"
건설업,흙막이 지보공 작업,떨어짐,흙막이 지보공 상부 등 고소작업 장소에 작업발판이 설치되어 있는가?,4,"1969,1966"
건설업,흙막이 지보공 작업,절단베임찔림,"흙막이 가설구조물의 절단 작업(Sheet pile, H-Beam, 띠장 등) 시 구조물의 전도 또는 낙하를 방지하기 위한 안정화 조치가 취해지고 있는가?",3,1969
건설업,흙막이 지보공 작업,절단베임찔림,흙막이 가설구조물 해체 작업 시 이동식크레인 등 차량계 건설기계 사용에 따른 작업계획서가 작성되고 작업지휘자가 지정되어 있는가?,3,"1477,1967"
건설업,흙막이 지보공 작업,절단베임찔림,"흙막이 가설구조물(작업발판, 띠장, 버팀보 등) 상단부에서 작업할 때 안전난간이 설치되어 있는가?",2,"1487,1944"
건설업,흙막이 지보공 작업,절단베임찔림,"흙막이 가설구조물 상단부에서 작업하는 근로자가 안전대를 착용하고 있으며, 안전대 부착설비가 설치되어 있는가?",2,"1489,1486"
건설업,흙막이 지보공 작업,절단베임찔림,"흙막이 가설구조물 절단 작업 구간에서 상하 동시 작업이 통제되고 있으며, 낙하물 위험구간에 근로자가 진입하지 않도록 관리되고 있는가?",2,"1969,1487,1713"
건설업,기초파일 작업,물체에맞음,"중량물 인양 작업 중 회전, 낙하, 전도 등의 위험이 발생할 수 있는 상황에 대해 사전에 위험성 평가를 실시하고 있는가?",7,1499
건설업,기초파일 작업,물체에맞음,중량물 인양 작업 시 작업계획서를 사전에 작성하고 관리감독자를 배치하여 작업하고 있는가?,5,1473
건설업,기초파일 작업,물체에맞음,차량계 건설기계 작업 시 근로자 출입을 통제하고 유도자를 배치하고 있는가?,5,"1964,1731"
건설업,기초파일 작업,물체에맞음,중량물 인양 시 외줄달기를 지양하고 두줄걸이 등 안전한 줄걸이 방법을 사용하고 있는가?,4,
건설업,기초파일 작업,물체에맞음,"와이어로프, 체인, 샤클 등 줄걸이 자재의 손상, 마모, 변형, 부식 상태를 정기적으로 점검하고 있는가?",4,1507
건설업,기초파일 작업,떨어짐,"천공기, 항타기, 이동식크레인 등 건설기계의 와이어로프, 용접부위, 안전장치 상태를 정기적으로 점검하고 있는가?",5,"2104,2136,1848"
건설업,기초파일 작업,떨어짐,"중량물 인양 작업 시 안전핀, 와이어로프, 벨트-슬링 등 안전장치가 제대로 체결되고 고정되어 있는지 확인하고 있는가?",4,1767
건설업,기초파일 작업,떨어짐,중량물 인양 및 낙하 위험이 있는 작업 반경 내에 근로자 출입을 통제하고 있는가?,4,"1964,1718,1486"
건설업,기초파일 작업,떨어짐,"물체에 맞을 위험이 있는 작업(중량물 매달기, 낙하물 위험 등) 시 근로자 출입금지 조치를 실시하고 있는가?",4,"1998,1718,1700"
건설업,기초파일 작업,떨어짐,중량물이 근로자의 머리 위로 통과하지 않도록 작업 경로를 계획하고 통제하고 있는가?,3,"1718,1486,1964"
건설업,기초파일 작업,깔림.뒤집힘,차량계 건설기계 작업 시 근로자 출입을 통제하고 유도자를 배치하고 있는가?,4,"1964,1731"
건설업,기초파일 작업,깔림.뒤집힘,중량물 인양 작업 시 두 군데 이상에 결속하여 외줄달기를 지양하고 있는가?,3,1767
건설업,기초파일 작업,깔림.뒤집힘,중량물 취급 작업 전에 작업계획서를 사전에 작성하고 관리감독자를 배치하여 작업하고 있는가?,3,"1473,1477"
건설업,기초파일 작업,깔림.뒤집힘,"줄걸이에 사용되는 와이어로프, 슬링벨트, 섬유벨트 등의 상태를 수시로 점검하고 손상 시 즉시 교체하고 있는가?",3,"1717,1719"
건설업,기초파일 작업,깔림.뒤집힘,"인양 장비(굴삭기, 항타기 등)의 안전핀, 훅, 리더 등 부속품이 정상 상태인지 정기적으로 점검하고 있는가?",3,1645
건설업,되메움 작업,깔림.뒤집힘,"차량계 건설기계(굴삭기, 덤프트럭 등) 후진 작업 시 유도자를 배치하고 있는가?",2,"1964,2005"
건설업,되메움 작업,깔림.뒤집힘,차량계 건설기계의 운전자가 후진 시 주변을 명확히 볼 수 있도록 센서나 카메라 등 시야확보 장치를 설치하고 있는가?,2,"1704,1728"
건설업,되메움 작업,깔림.뒤집힘,차량계 건설기계 후진 시 경보음 설비가 정상 작동하는지 정기적으로 점검하고 있는가?,2,"2104,2136"
건설업,되메움 작업,깔림.뒤집힘,되메우기 작업 중 작업반경 내 인원을 통제하고 불필요한 근로자의 진입을 제한하고 있는가?,2,"1964,1487"
건설업,되메움 작업,깔림.뒤집힘,덤프트럭 토사 하역 작업 시 하역장소의 지반 침하 여부를 사전에 점검하고 있는가?,1,"1999,2007"
건설업,"수중, 해상공사",빠짐익사,구명장구의 이상 유무를 작업 전에 확인하고 손상된 장구는 즉시 교체하고 있는가?,7,"2307,2305"
건설업,"수중, 해상공사",빠짐익사,수중작업 전에 잠수기구의 송기관(공기호스) 연결부를 점검하여 이상 유무를 확인하고 있는가?,6,"2305,2306"
건설업,"수중, 해상공사",빠짐익사,수중작업 시 작업자와의 연락을 담당하는 감시자를 배치하여 안전방호조치를 실시하고 있는가?,6,"2293,2294"
건설업,"수중, 해상공사",빠짐익사,"수중작업자에게 비상 연락용구(신호줄, 무전기 등)를 지급하고 사용방법을 교육하고 있는가?",6,"2276,2275"
건설업,"수중, 해상공사",빠짐익사,"수중작업 중 이상 징후(거품 과다 발생, 신호 두절 등)를 감시하고 즉시 대응할 수 있는 체계가 구축되어 있는가?",6,"2307,2305"
건설업,부대 토목 작업,떨어짐,2m 이상의 높이에서 작업하는 모든 장소에 안전난간(2단)이 견고하게 설치되어 있는가?,6,"1487,1486"
건설업,부대 토목 작업,떨어짐,"안전난간이 설치되지 않은 경우, 근로자가 안전대를 착용하고 안전대 부착설비에 연결하여 작업하고 있는가?",6,"1486,1489"
건설업,부대 토목 작업,떨어짐,추락 위험이 있는 장소에서 작업하는 모든 근로자에게 안전모를 포함한 개인보호구를 지급하고 착용하도록 하고 있는가?,6,"1462,1486"
건설업,부대 토목 작업,떨어짐,법면 상부 및 소단부에서 근로자의 불필요한 이동을 금지하고 작업자 이동통로를 설치하고 있는가?,5,"1486,1998"
건설업,부대 토목 작업,떨어짐,"절토사면, 옹벽 단부 등 추락 위험이 있는 상부에서 부득이하게 작업할 경우, 안전난간 설치가 곤란하면 접근방책을 설치하고 있는가?",5,"1979,1487"
건설업,부대 토목 작업,무너짐,"옹벽 설치를 위한 굴착 시 구조물에 근접한 장소에서 붕괴 위험 요인을 보강하거나 이설, 제거 등의 위험 방지 조치를 실시하였는가?",5,"1969,1956,1999"
건설업,부대 토목 작업,무너짐,"굴착작업 전에 지반점검을 실시하고 근로자 출입 통제, 사면보강, 방호망 설치 등의 안전조치를 취하였는가?",4,"1969,1955,1999"
건설업,부대 토목 작업,무너짐,굴착면의 토층이 균일하지 않은 경우 흙막이 가시설을 설치한 후 작업을 수행하고 있는가?,4,"1969,1966,1345"
건설업,부대 토목 작업,무너짐,"굴착사면의 기울기가 설계기준을 준수하고 있으며, 굴착사면 인근에 중량물이나 토사가 적치되어 있지는 않은가?",4,"1969,1956,1339"
건설업,부대 토목 작업,무너짐,"옹벽 상부 및 천단 인근에 중량물, 토사, 자재 등이 적치되어 있지는 않은가?",3,"1969,1966"
건설업,부대 토목 작업,깔림.뒤집힘,건설기계 작업 구역에서 근로자 출입을 통제하고 유도자를 배치하여 근로자와 장비의 동선을 분리하였는가?,3,"1964,1962"
건설업,부대 토목 작업,깔림.뒤집힘,중량물 인양 및 운반 작업 시 작업계획서를 작성하고 적합한 건설장비를 선정하여 계획에 따라 작업을 진행하였는가?,3,1767
건설업,부대 토목 작업,깔림.뒤집힘,"건설기계(굴삭기, 덤프트럭 등) 작업 시 후방 경보기, 후방센서, 카메라 등 안전장치가 정상 작동하는지 점검하였는가?",2,"2104,1575"
건설업,부대 토목 작업,깔림.뒤집힘,굴삭기의 정격하중을 초과하는 중량물을 인양하지 않도록 작업 전 자재 무게를 확인하고 운전원에게 지시하였는가?,2,"1962,1969"
건설업,부대 토목 작업,깔림.뒤집힘,건설기계 운전원이 후진 작업 시 뒤를 직접 확인하거나 유도자의 신호에 따라 작업하도록 지시하였는가?,2,"1964,1731"
건설업,가설도로 작업,깔림.뒤집힘,벌목 작업 전에 절단 대상 수목의 수구작업(밑둥 정리)을 실시하고 있는가?,2,2044
건설업,가설도로 작업,깔림.뒤집힘,벌도목이 쓰러지는 방향을 사전에 파악하고 그 방향을 위험구역으로 설정하여 접근을 금지하고 있는가?,2,2044
건설업,가설도로 작업,깔림.뒤집힘,벌목 작업 시 근로자들이 대피할 수 있는 대피로와 대피장소를 사전에 지정하고 있는가?,2,"2067,1973"
건설업,가설도로 작업,깔림.뒤집힘,벌목 작업 시 근로자 간 신호방법을 사전에 정하고 이를 준수하고 있는가?,2,"2046,2047"
건설업,가설도로 작업,깔림.뒤집힘,"벌목 작업에 종사하는 모든 근로자에게 개인 보호구(안전모, 안전복 등)를 지급하고 착용을 철저히 하고 있는가?",2,"1462,1463"
건설업,가설도로 작업,떨어짐,가설도로 작업 시 작업자의 추락·전도 위험에 대비하여 안전벨트 등 개인보호구를 지급하고 착용을 철저히 하고 있는가?,2,"1462,1486,1483"
건설업,가설도로 작업,떨어짐,"가설도로의 지반 상태를 정기적으로 점검하여 부등침하, 갓길 붕괴, 도로 폭 유지 상태를 확인하고 있는가?",1,"1969,1999,1370"
건설업,가설도로 작업,떨어짐,협소하거나 곡선인 가설도로에서 차량계 건설기계 운행 시 장비유도자를 배치하고 있는가?,1,"1733,1964,1697"
건설업,가설도로 작업,떨어짐,"건설기계(진동 롤러, 덤프트럭 등) 대여 및 사용 전에 브레이크, 클러치, 유압유 누출, 레버 스위치 등 안전장치의 정상작동 여부를 점검하고 있는가?",1,"2104,1962,1575"
건설업,가설도로 작업,떨어짐,"건설기계 운전자가 작업 중 안전벨트를 착용하고 있으며, 장비 운행 중 불필요한 자리이탈을 금지하고 있는가?",1,"1721,1548,1734"
건설업,맨홀 및 관부설작업,무너짐,"굴착하부에서 작업할 때 낙하물(토사, 암석 등)을 방지하기 위한 개인보호장비(안전모 등)를 착용하고 있는가?",11,1487
건설업,맨홀 및 관부설작업,무너짐,"굴착 작업 시 굴착면의 기울기 기준을 준수하고 있으며, 수직 굴착을 하지 않고 있는가?",10,1956
건설업,맨홀 및 관부설작업,무너짐,토층이 균일하지 않은 경우 간이 흙막이(TS판넬 등)를 설치한 후 작업을 수행하고 있는가?,10,1969
건설업,맨홀 및 관부설작업,무너짐,굴착사면 인근에 중량물이나 토사를 적치하지 않고 있는가?,10,1969
건설업,맨홀 및 관부설작업,무너짐,깊이 1.5m 이상의 굴착 작업에서 흙막이 시설을 설치하고 있는가?,10,1969
건설업,맨홀 및 관부설작업,깔림.뒤집힘,굴삭기 또는 덤프트럭 등 차량계 건설기계 작업 시 전담 유도자를 배치하여 근로자와의 접촉을 방지하고 있는가?,8,"1964,1731"
건설업,맨홀 및 관부설작업,깔림.뒤집힘,"굴삭기의 후진 작업 시 후방카메라, 후방센서, 경보장치 등 안전장치가 부착되어 있고 정상 작동하는가?",6,1733
건설업,맨홀 및 관부설작업,깔림.뒤집힘,"관로 부설 작업 중 굴삭기의 되메우기, 다짐작업과 근로자의 정리·청소작업이 동시에 수행되지 않도록 관리하고 있는가?",4,1964
건설업,맨홀 및 관부설작업,깔림.뒤집힘,굴삭기를 사용하여 중량물을 인양·운반할 때 작업 장소 내 근로자의 출입을 통제하고 있는가?,3,"1964,1656"
건설업,맨홀 및 관부설작업,깔림.뒤집힘,"맨홀, 관로, 철판 등 중량물을 굴삭기로 인양할 때 굴삭기의 정격하중을 확인하고 초과하지 않도록 관리하고 있는가?",2,1969
건설업,맨홀 및 관부설작업,물체에맞음,굴삭기를 이용한 관로 운반 및 부설 작업 시 현장에 유도자(신호수)를 배치하고 있는가?,4,1964
건설업,맨홀 및 관부설작업,물체에맞음,"중량물(관로, 맨홀 구조물 등)을 양중할 때 슬링벨트의 이중 잠금장치(안전핀 등)를 체결하고 있는가?",4,1687
건설업,맨홀 및 관부설작업,물체에맞음,굴삭기 작업 중 근로자가 작업 구간에 동시에 진입하는 것을 금지하고 있는가?,3,"2039,1964"
건설업,맨홀 및 관부설작업,물체에맞음,중량물 취급 시 작업지휘자 및 신호수를 배치하고 있는가?,3,"2005,1964"
건설업,맨홀 및 관부설작업,물체에맞음,관로를 굴삭기로 운반할 때 관로의 회전 방지 및 슬링벨트 이탈 방지를 위해 두줄걸이를 시행하고 있는가?,3,"1687,2042"
건설업,"철거, 해체",떨어짐,지붕 위에서의 철거 작업 시 안전대 부착설비를 설치하고 근로자가 안전대를 체결하도록 관리감독하고 있는가?,15,"1486,1712"
건설업,"철거, 해체",떨어짐,"지붕 위에서 철거 작업 시 노후화되거나 강도가 약한 지붕재(선라이트, 슬레이트, 샌드위치판넬 등)를 밟지 않도록 충분한 강도의 지붕사다리를 설치하였는가?",12,1491
건설업,"철거, 해체",떨어짐,지붕 위에서의 철거 작업 시 추락방호망을 설치하여 추락 시 충격을 완화하도록 하였는가?,12,1491
건설업,"철거, 해체",떨어짐,지붕 철거 작업 대신 고소작업대나 이동식 비계 등 안전한 작업 방법을 검토하여 적용하고 있는가?,7,"1712,1713"
건설업,"철거, 해체",떨어짐,"노후화되거나 강도가 약한 지붕재로 덮힌 지붕에서 작업할 때 날씨 조건(비, 눈 등)으로 인한 미끄러짐 위험을 사전에 평가하고 대책을 수립하였는가?",5,"1491,1499"
건설업,"철거, 해체",무너짐,"철거 작업 전에 구조물의 형상, 중량, 안정성 등을 고려한 구조검토를 실시하고 이에 따른 해체방법 및 순서가 포함된 작업계획서를 수립했는가?",8,"2017,1969"
건설업,"철거, 해체",무너짐,작업층 하부에 구조상 충분한 개수의 잭서포트를 적정 개소에 설치하여 보강했는가?,7,1969
건설업,"철거, 해체",무너짐,"콘크리트 슬라브의 균열, 강도, 철근 배근상태, 노후정도 등 안정성을 사전에 검토했는가?",7,"1969,1499"
건설업,"철거, 해체",무너짐,벽체 철거 작업 시 작업반경 내에 다른 근로자의 출입을 금지하고 통제했는가?,5,"2016,2039"
건설업,"철거, 해체",무너짐,벽체 철거 작업 시 상부에서 하부로 순차적으로 파쇄하는 방식으로 작업을 실시했는가?,3,"1969,2016"
건설업,"철거, 해체",절단베임찔림,고소작업(2m 이상) 시 안전대를 지급하고 근로자가 실제로 착용하고 있는지 확인 및 관리감독하고 있는가?,7,"1462,1489,1486"
건설업,"철거, 해체",절단베임찔림,"추락 위험이 있는 개구부, 슬라브 단부, 발코니 등에 안전난간대 또는 추락방지망을 설치하였는가?",4,"1487,1495,1943"
건설업,"철거, 해체",절단베임찔림,"고소작업 시 불안정한 양중기(크레인 작업대) 대신 고소작업대, 이동식비계 등 안정적인 작업발판을 배치하여 사용하고 있는가?",3,"1712,1713,1486"
건설업,"철거, 해체",절단베임찔림,크레인으로 자재를 인양할 때 작업반경 내 근로자의 출입을 통제하고 있는가?,3,"1767,1964,1487"
건설업,"철거, 해체",절단베임찔림,"크레인 인양 작업 시 인양물의 재료, 형상에 맞는 적절한 줄걸이 방법을 사용하고 있는가?",3,1767
건설업,안전가시설 작업,물체에맞음,"추락 위험이 있는 높이 2m 이상의 작업 시 안전대 부착설비, 추락방호망, 안전난간 등의 추락방호조치를 실시하고 있는가?",9,"1489,1487,1950"
건설업,안전가시설 작업,물체에맞음,"작업 시작 전 안전대 부착설비의 설치 상태를 확인하고, 근로자에게 안전대를 지급하여 체결 상태를 관리하고 있는가?",8,"1489,1712"
건설업,안전가시설 작업,물체에맞음,낙하물방지망 또는 추락방호망 설치·해체 작업 시 상부로부터 하부로 순차적으로 진행하는 작업방식을 준수하고 있는가?,5,"1950,1713,1487"
건설업,안전가시설 작업,물체에맞음,낙하물방지망 설치 작업 중 안전대를 미착용한 근로자가 작업하지 않도록 관리감독하고 있는가?,5,"1575,1723"
건설업,안전가시설 작업,물체에맞음,"이동식크레인 사용 시 작업 시작 전 와이어로프, 안전장치 등의 설치 및 작동상태를 확인하고 있는가?",2,"1645,243"
건설업,안전가시설 작업,떨어짐,"2m 이상 높이에서 작업하는 근로자가 안전대를 착용하고 있으며, 안전대 부착설비가 설치되어 있는가?",9,"1489,1486"
건설업,안전가시설 작업,떨어짐,"2m 이상 높이의 개구부(바닥개구부, 창호개구부 등)에 안전난간대 또는 추락방호망이 설치되어 있는가?",8,"1487,1495"
건설업,안전가시설 작업,떨어짐,비계 작업발판의 단부에 안전난간 또는 안전방망이 설치되어 있는가?,6,"1518,1511,1521"
건설업,안전가시설 작업,떨어짐,개구부 덮개가 뒤집히거나 떨어지지 않도록 견고하게 고정되어 있는가?,5,"1487,1943"
건설업,안전가시설 작업,떨어짐,"청소, 자재운반 등 일시적 작업 시에도 추락위험 장소에 대한 안전조치(난간, 방망, 안전대 등)가 적용되고 있는가?",4,"1487,1489,2068"
건설업,안전가시설 작업,감전,가공전로(22.9kV 이상) 인근에서 비계 해체 작업을 수행하기 전에 전력회사에 가공전로 차단 또는 이설을 요청하였는가?,6,1920
건설업,안전가시설 작업,감전,"비계 해체 작업 시 절연장갑, 절연화, 안전작업복, AE형 안전모 등 절연용 안전보호구를 모든 작업자에게 지급하고 착용 상태를 관리하고 있는가?",6,"1462,1463"
건설업,안전가시설 작업,감전,"비계 해체 작업 현장에서 가공전로까지의 이격거리를 사전에 측정하고, 안전거리(22.9kV 기준 최소 3m 이상) 확보 여부를 확인하였는가?",6,
건설업,안전가시설 작업,감전,"비계 해체 작업 전에 현장 내 모든 가공전로의 위치, 전압, 충전 상태를 파악하고 작업자에게 교육하였는가?",6,1904
건설업,안전가시설 작업,감전,비계 작업 중 감전으로 인한 추락 위험에 대비하여 안전대 착용 및 추락방지 시설을 설치하였는가?,6,"1489,1487"
건설업,가설전기 작업,떨어짐,고소작업 시 안전대 착용 여부를 주기적으로 점검하고 관리감독하고 있는가?,4,"1489,1486"
건설업,가설전기 작업,떨어짐,"높이 2m 이상의 작업장에서 개인보호구(안전대, 헬멧 등) 착용 여부를 작업 전 확인하고 있는가?",4,"1489,1462"
건설업,가설전기 작업,떨어짐,현장에서 고소작업(2m 이상) 시 안전대를 항상 착용하고 있는가?,3,"1489,1950"
건설업,가설전기 작업,떨어짐,"가설전선 작업, 전등 교체 등 고소작업 시 작업자의 신체 안정성을 확보할 수 있는 작업방법을 수립하고 있는가?",3,"1905,1914,1486"
건설업,가설전기 작업,떨어짐,"작업 발판, 가설계단, 지붕 등 이동통로 상의 장애물(전선, 자재 등)이 제거되어 있는가?",2,"1450,1487"
건설업,양중기 작업,떨어짐,"타워크레인 설치, 해체 작업 시 2중 안전고리를 체결하고 있는가?",5,"1950,1740"
건설업,양중기 작업,떨어짐,타워크레인 텔레스코핑 케이지 작업발판의 연결 및 고정상태를 정기적으로 점검하고 있는가?,3,"1946,1652"
건설업,양중기 작업,떨어짐,추락 위험이 있는 높이에서 작업할 때 안전대를 체결하도록 조치하고 있는가?,3,"1489,1487"
건설업,양중기 작업,떨어짐,추락 및 재해 방지에 관한 안전대 결합 등의 내용을 포함하는 안전교육을 정기적으로 실시하고 있는가?,3,"2528,853"
건설업,양중기 작업,떨어짐,"타워크레인 설치, 해체 작업을 수행하는 작업자가 유자격자인지 확인하고 있는가?",2,1645
건설업,양중기 작업,물체에맞음,"양중기 작업 시 부품, 부재, 인양물의 고정 상태를 작업 전에 철저히 점검하고 있는가?",4,"2104,2136,2021"
건설업,양중기 작업,물체에맞음,"양중기 및 고소작업 시 낙하물 방지망, 안전난간대 등 물체에 맞음 사고를 예방하기 위한 안전방호조치를 실시하고 있는가?",4,"2055,2053,1723"
건설업,양중기 작업,물체에맞음,"양중기 작업을 수행하는 근로자가 유자격자이며, 제조사의 작업 매뉴얼을 준수하고 있는가?",3,"1767,1658,1766"
건설업,양중기 작업,물체에맞음,고소 작업 시 근로자의 추락을 방지하기 위해 안전대 부착설비를 설치하고 안전대 착용을 철저히 하고 있는가?,3,"1489,1486,1712"
건설업,양중기 작업,물체에맞음,양중기 작업 중 낙하물로 인한 위험으로부터 근로자를 보호하기 위해 작업 구역 아래 근로자 출입을 통제하고 있는가?,2,"1435,1767,1973"
건설업,양중기 작업,무너짐,타워크레인/크레인 설치 및 해체 작업 시 제조사 매뉴얼에 따른 정확한 절차와 순서를 수립하고 작업자에게 교육했는가?,3,"1476,1678,1671"
건설업,양중기 작업,무너짐,"마스트 인상/하강 작업 시 서포트 슈, 러그, 메인 슈의 고정상태와 안전핀 체결 여부를 작업 전 확인했는가?",2,"1507,1740,2104"
건설업,양중기 작업,무너짐,텔레스코핑 작업 중 상부 구조물의 균형 상실을 방지하기 위해 슬라이더 크로스 잠금장치를 철저히 체결했는가?,2,"1742,1993,1964"
건설업,양중기 작업,무너짐,"크레인 부재 간 연결부(볼트, 용접부)의 노후화, 변형, 파손, 용접불량 여부를 사전에 점검했는가?",2,"1969,2104,2136"
건설업,양중기 작업,무너짐,"고소 작업 중 작업자가 안전대를 착용하고 있으며, 안전대 결합 유무를 확인했는가?",2,"1489,1486,1462"
건설업,"위험기계기구 작업(장비수리, 이동 등)",깔림.뒤집힘,"차량계 건설기계(굴삭기, 지게차, 크레인 등) 운행 시 유도자를 배치하고 있는가?",2,"1733,1964"
건설업,"위험기계기구 작업(장비수리, 이동 등)",깔림.뒤집힘,차량계 건설기계에 후방카메라 등 접촉방지 장비가 설치되어 있는가?,2,"1731,251"
건설업,"위험기계기구 작업(장비수리, 이동 등)",깔림.뒤집힘,차량계 건설기계 운행경로와 별도의 근로자 안전 통로가 설치되어 있는가?,2,"1731,2066"
건설업,"위험기계기구 작업(장비수리, 이동 등)",깔림.뒤집힘,크롤러 크레인 붐 해체 및 연결핀 제거 작업 시 안전지지대 또는 안전블럭이 설치되어 있는가?,2,1950
건설업,"위험기계기구 작업(장비수리, 이동 등)",깔림.뒤집힘,크롤러 크레인 작업 시 운전자와 근로자 간 신호방법이 정해져 있고 준수되고 있는가?,2,"1675,2059"
건설업,"위험기계기구 작업(장비수리, 이동 등)",끼임,근로자가 차량계 하역운반기계 주변에서 작업할 때 기계 운전자와 작업자 간 안전거리를 유지하도록 지도했는가?,4,"1731,1732"
건설업,"위험기계기구 작업(장비수리, 이동 등)",끼임,"이동식크레인, 지게차 등 차량계 하역운반기계를 사용하여 작업할 때 사전에 작업계획서를 작성하고 검토했는가?",3,1476
건설업,"위험기계기구 작업(장비수리, 이동 등)",끼임,차량계 하역운반기계 운전자의 시야를 확보하기 위해 유도자를 배치하거나 후방카메라 등 접촉방지조치를 실시했는가?,2,"1732,1694,2059"
건설업,"위험기계기구 작업(장비수리, 이동 등)",끼임,지게차 포크에 화물을 적재할 때 운전자의 전방 시야가 확보되도록 화물의 높이와 위치를 조정했는가?,2,"1705,1697"
건설업,"위험기계기구 작업(장비수리, 이동 등)",끼임,적재함이나 인양장비를 상승시킨 상태에서 하부 점검 작업 시 안전지주(받침대)를 설치하여 불시하강을 방지했는가?,1,
건설업,"위험기계기구 작업(장비수리, 이동 등)",부딪힘,"차량계 건설기계(덤프트럭, 지게차 등)에 대한 정기검사 및 체계적인 점검·정비가 실시되고 있는가?",3,"2104,2136,243"
건설업,"위험기계기구 작업(장비수리, 이동 등)",부딪힘,"경사로, 터널 등 제한된 공간에서 차량계 건설기계 운행 시 유도자를 배치하여 안전 유도를 실시하고 있는가?",2,"1962,1964,2005"
건설업,"위험기계기구 작업(장비수리, 이동 등)",부딪힘,"위험작업(견인작업, 보온작업 등) 수행 시 작업 반경 내 무관한 근로자의 접근을 금지하는 조치가 이루어지고 있는가?",2,"1973,1435,1998"
건설업,"위험기계기구 작업(장비수리, 이동 등)",부딪힘,"차량계 건설기계 운전 시 전방 시야 확보를 위한 절차가 수립되어 있고, 운전자가 이를 준수하고 있는가?",1,"1731,1735,1570"
건설업,"위험기계기구 작업(장비수리, 이동 등)",부딪힘,"차량계 건설기계의 주용도 외 사용(예: 견인작업)을 제한하고, 필요시 전용 장비를 사용하도록 규정하고 있는가?",1,"1736,1698,1721"
건설업,"기타(작업환경, 청소 등)",떨어짐,"높이 2m 이상의 추락 위험 작업 시 근로자가 안전대를 착용하고 있으며, 관리감독자가 착용 상태를 점검하고 있는가?",5,"1489,1486,1462"
건설업,"기타(작업환경, 청소 등)",떨어짐,"작업 현장의 모든 추락 위험 장소(비계, 지붕, 고소작업대, 철골구조물 등)에 안전난간이 설치되어 있는가?",4,"1487,113,1495"
건설업,"기타(작업환경, 청소 등)",떨어짐,"높이 2m 이상의 작업 현장에서 모든 근로자에게 안전모, 안전대 등 개인보호구가 지급되고 착용 상태가 관리되고 있는가?",4,"1462,1486,1715"
건설업,"기타(작업환경, 청소 등)",떨어짐,"사다리를 사용한 작업 시 2인 1조로 작업하고 있으며, 아웃트리거를 체결하고 있는가?",3,"1450,1513,1486"
건설업,"기타(작업환경, 청소 등)",떨어짐,사다리 대신 고소작업대나 이동식 비계 등 더 안정적인 작업 장비를 사용할 수 있는지 검토하고 있는가?,2,"1713,1712,1486"
건설업,"기타(작업환경, 청소 등)",깔림.뒤집힘,후진하는 차량 작업 시 운전자의 시야 확보 및 안전감시 요원 배치가 이루어지고 있는가?,5,"1965,2006"
건설업,"기타(작업환경, 청소 등)",깔림.뒤집힘,"차량계 건설기계(굴착기, 덤프트럭, 로더 등) 작업 시 유도자 배치 및 근로자 출입통제 구간이 명확히 설정되어 있는가?",3,"1964,1733"
건설업,"기타(작업환경, 청소 등)",깔림.뒤집힘,도로작업 현장에서 작업공간과 차량 통행로 사이에 충분한 안전거리가 확보되어 있는가?,3,"1733,1697"
건설업,"기타(작업환경, 청소 등)",깔림.뒤집힘,"도로 유지보수 및 포장작업 구간에서 교통통제 조치(안전휀스, 무단횡단 금지표시 등)가 적절히 설치되어 있는가?",3,"1733,1697"
건설업,"기타(작업환경, 청소 등)",깔림.뒤집힘,"건설현장에서 임시로 설치된 자재(거푸집, 배관, 장비 등)에 대해 안전한 각도 유지 및 버팀대/지지대가 설치되어 있는가?",2,"1943,1969"
건설업,"기타(작업환경, 청소 등)",부딪힘,"도로 유지보수 및 포장 작업 구간에서 교통통제 조치(안전휀스, 무단횡단 금지표시, 충분한 안전거리 확보)가 적절히 설치되어 있는가?",5,"2011,1731,1964"
건설업,"기타(작업환경, 청소 등)",부딪힘,"작업장 내 차량 및 건설기계 운행 구간과 근로자 작업 구간이 명확히 분리되어 있으며, 안전거리가 확보되어 있는가?",4,"1731,1964,2023"
건설업,"기타(작업환경, 청소 등)",부딪힘,"작업장 내 차량 및 건설기계 운행 시 전방 시야 확보를 위한 조치(예: 유도원 배치, 카메라 설치 등)가 이루어지고 있는가?",3,"1964,2005,1704"
건설업,"기타(작업환경, 청소 등)",부딪힘,"차량계 건설기계(굴착기, 지게차 등) 사용 시 작업계획서를 작성하고 운전자 자격을 확인하고 있는가?",2,"1476,1031,1675"
건설업,"기타(작업환경, 청소 등)",부딪힘,"경사면에 주차된 차량의 브레이크 상태를 점검하고, 핸드브레이크 및 고인목 설치 등 차량 이동 방지 조치가 이루어지고 있는가?",1,"1589,1710,1730"
건설업,거푸집 작업,떨어짐,"2m 이상의 추락위험이 있는 작업장에서 안전대 부착설비가 설치되어 있고, 근로자가 안전대를 착용하고 있는가?",12,"1489,1950"
건설업,거푸집 작업,떨어짐,2m 이상의 추락위험이 있는 작업장에서 안전난간이 설치되어 있는가?,8,"1495,1950"
건설업,거푸집 작업,떨어짐,"거푸집 작업 중 근로자가 몸의 중심을 잃을 수 있는 상황(자재 전달, 이동 등)에서 추락방지조치가 실시되고 있는가?",8,"1483,1486"
건설업,거푸집 작업,떨어짐,개구부(슬래브 단부와 비계 사이 등)에 안전난간 또는 덮개가 설치되어 있는가?,3,"1487,1943"
건설업,거푸집 작업,떨어짐,"비계 상하단 작업발판 사이에 사다리, 계단 등의 승하강 통로가 설치되어 있는가?",2,"1450,1454"
건설업,거푸집 작업,깔림.뒤집힘,거푸집 설치 시 견고한 구조의 버팀대 또는 지지대를 설치하여 전도방지조치를 실시하였는가?,8,1943
건설업,거푸집 작업,깔림.뒤집힘,거푸집 조립 시 구조검토에 의한 조립도를 작성하고 이를 현장에 비치하였는가?,7,1943
건설업,거푸집 작업,깔림.뒤집힘,"거푸집의 자중, 풍하중, 작업하중 등에 의한 수평방향 하중에 대해 구조검토를 실시하였는가?",7,"1940,1943"
건설업,거푸집 작업,깔림.뒤집힘,"거푸집 조립도에 부재의 재질, 간격, 고정방법 등을 명시하였는가?",5,"1940,1943"
건설업,거푸집 작업,깔림.뒤집힘,거푸집 인양 및 하역 작업 구간에 근로자 출입을 통제하였는가?,3,1767
건설업,거푸집 작업,무너짐,거푸집 및 동바리 작업 시 콘크리트 양생기간을 준수하고 있는가?,6,"1943,1969"
건설업,거푸집 작업,무너짐,거푸집 동바리 해체 작업 시 순차적으로 파이프 써포트를 제거하면서 부분적으로 해체하고 있는가?,6,"1994,1969"
건설업,거푸집 작업,무너짐,추락 및 넘어질 위험이 있는 장소에 작업발판 및 안전난간을 설치하고 있는가?,5,"1483,1487,1943"
건설업,거푸집 작업,무너짐,거푸집동바리 해체 작업을 하는 장소에는 관계 근로자가 아닌 근로자의 출입을 금지하고 있는가?,3,"2339,2302,2218"
건설업,거푸집 작업,무너짐,자재적재 작업을 위한 작업발판 설치 시 상부 적재하중을 고려하여 구조 검토를 실시하고 있는가?,2,1969
건설업,갱폼 작업,떨어짐,"갱폼 작업 시 추락방지를 위해 안전대 부착설비가 설치되어 있고, 모든 근로자가 안전대를 착용하고 있는가?",8,1489
건설업,갱폼 작업,떨어짐,"갱폼 인양작업 시 갱폼을 타워크레인 등 인양장비에 매단 후 고정철물(앵커볼트, 연결핀, 웨지핀 등)을 해체하고 있는가?",5,1969
건설업,갱폼 작업,떨어짐,"갱폼 조립·해체 시 지지 또는 고정철물의 이상유무를 사전에 점검하고, 이상이 발견될 경우 즉시 교체하고 있는가?",3,"1507,1969"
건설업,갱폼 작업,떨어짐,"갱폼 작업발판이 미고정 상태로 방치되어 있지 않으며, 모든 작업발판이 철선, 볼트 등으로 견고하게 고정되어 있는가?",3,"1513,1517"
건설업,갱폼 작업,떨어짐,"갱폼 인양작업 시 위험범위 내에 근로자의 출입을 금지하고, 작업 지휘자를 지정하여 작업을 지휘하고 있는가?",3,"1477,1767"
건설업,갱폼 작업,물체에맞음,"갱폼 및 작업발판의 고정볼트, 웨지핀, 연결철물 등이 모두 체결되어 있으며, 정기적으로 점검하고 있는가?",4,"1969,1507"
건설업,갱폼 작업,물체에맞음,갱폼 인양 시 최하부 전단볼트를 모두 체결한 후 작업을 진행하고 있는가?,2,"2012,1946"
건설업,갱폼 작업,물체에맞음,갱폼 또는 작업발판을 해체할 때 인양장비에 매단 상태에서 고정철물을 해체하고 있는가?,2,"1513,1943"
건설업,갱폼 작업,물체에맞음,중량물 낙하 위험 지역에 대해 근로자 출입을 통제하고 있는가?,2,"1723,1495"
건설업,갱폼 작업,물체에맞음,갱폼 인양 시 와이어로프를 2개소 이상에서 지지하여 편심을 방지하고 수직도를 유지하고 있는가?,1,"2012,1950"
건설업,철근 작업,떨어짐,"추락위험이 있는 작업장소에 안전대 부착설비가 설치되어 있고, 근로자들이 안전대를 착용하고 있는가?",7,1489
건설업,철근 작업,떨어짐,철근 운반 중 몸의 중심을 잃지 않도록 안전교육 및 작업방법 지도가 실시되고 있는가?,5,"88,1483"
건설업,철근 작업,떨어짐,"개인보호구(안전모, 안전대 등)가 근로자에게 지급되고 착용이 철저히 관리되고 있는가?",5,"1462,1463"
건설업,철근 작업,떨어짐,"외부비계 및 작업발판에 상부, 중간 안전난간대가 설치되어 있는가?",4,"1950,1513"
건설업,철근 작업,떨어짐,"바닥 개구부(자재 반입구, 계단실 등)에 안전난간 또는 안전방망이 설치되어 있는가?",2,"1487,1979"
건설업,철근 작업,물체에맞음,크레인이나 양중기를 사용하여 중량물을 인양할 때 하부 작업 구간에 근로자 출입을 통제하고 있는가?,6,1656
건설업,철근 작업,물체에맞음,중량물 인양 작업 시 인양물이 근로자의 머리 위로 통과하지 않도록 작업 경로를 설정하고 있는가?,5,1767
건설업,철근 작업,물체에맞음,"크레인 작업 시 와이어로프, 슬링벨트, 보조로프 등 안전장치의 손상 여부를 작업 전에 점검하고 있는가?",4,1718
건설업,철근 작업,물체에맞음,철근 등 중량물을 인양할 때 건설기계의 정격 인양 하중표를 확인하고 그 범위 내에서 작업하고 있는가?,3,1645
건설업,철근 작업,물체에맞음,철근 다발을 인양할 때 슬링벨트나 로프를 견고하게 고정하고 샤클 등으로 결속하여 이탈을 방지하고 있는가?,3,"2042,1687"
건설업,철근 작업,절단베임찔림,"작업발판, 안전난간, 안전방망 등 추락방호시설이 작업 전체 구간에 걸쳐 견고하게 설치되어 있는가?",3,"1486,1487"
건설업,철근 작업,절단베임찔림,추락 위험이 있는 높이 2m 이상의 작업 시 안전대 착용 및 안전대 부착설비가 설치되어 있는가?,3,"1489,1950"
건설업,철근 작업,절단베임찔림,작업 통로 및 이동 경로상의 철근 돌출부에 보호캡이 설치되어 있는가?,3,"1487,2012"
건설업,철근 작업,절단베임찔림,철근 이음부 등 돌출 철근에 대해 보호캡 설치 또는 접근통제 조치가 이루어지고 있는가?,3,"2012,1487"
건설업,철근 작업,절단베임찔림,"엘리베이터 피트, 개구부 등 낙하 위험이 있는 개구부 주변에 안전난간 또는 안전방망이 설치되어 있는가?",2,"1487,1495"
건설업,콘크리트 작업,떨어짐,높이 2m 이상의 고소작업 시 모든 근로자에게 안전대를 지급하고 안전대 부착설비가 설치되어 있는가?,7,"1489,1462"
건설업,콘크리트 작업,떨어짐,"모든 근로자가 추락위험 장소에서 작업할 때 안전모, 안전대 등 개인보호구를 착용하고 있으며, 이에 대한 관리감독이 철저히 이루어지고 있는가?",7,"1462,1486"
건설업,콘크리트 작업,떨어짐,"2m 이상의 높이에서 작업하는 모든 구간에 안전난간(상부, 중간난간대)이 견고하게 설치되어 있는가?",5,"1943,1487"
건설업,콘크리트 작업,떨어짐,"추락위험이 있는 슬래브 단부, 개구부, 경사지붕 단부 등에 안전난간 또는 추락방호망이 설치되어 있는가?",5,"1487,1491"
건설업,콘크리트 작업,떨어짐,"거푸집 조립 및 보수 작업 시 비계 등을 통한 작업발판이 설치되어 있고, 거푸집이 설계도면에 적합하게 조립되었는가?",3,"1943,1944"
건설업,콘크리트 작업,무너짐,"데크플레이트를 지지하는 철골빔 등 주요 부재의 용도, 품질, 이음부 접합방법을 사전에 확인하고 있는가?",6,"1938,1943,1940"
건설업,콘크리트 작업,무너짐,"콘크리트 타설 작업 중 거푸집, 동바리, 데크플레이트의 변형 및 변위를 감시할 전담 감시자를 배치하고 있는가?",6,"1951,1334"
건설업,콘크리트 작업,무너짐,"데크플레이트를 설치하는 철골구조물 시공 시 자중, 상부 적재하중, 콘크리트 타설에 따른 진동 및 충격을 고려하여 전도방지조치를 실시하고 있는가?",6,"1943,1938,1950"
건설업,콘크리트 작업,무너짐,콘크리트 타설 작업 시 편심하중 발생을 방지하기 위해 집중타설을 금지하고 있는가?,4,"1952,1951,1335"
건설업,콘크리트 작업,무너짐,거푸집 및 동바리 설치 시 구조검토를 실시하고 검토된 조립도에 따라 설치하고 있는가?,3,"1943,1499,1500"
건설업,콘크리트 작업,물체에맞음,콘크리트 펌프카의 아웃트리거 접지부에 철판 또는 받침대를 설치하여 지반침하를 방지하고 있는가?,5,1952
건설업,콘크리트 작업,물체에맞음,콘크리트 펌프카 작업 시 작업반경 내에 근로자 접근을 통제하기 위해 유도자를 배치하고 있는가?,5,"1951,1952"
건설업,콘크리트 작업,물체에맞음,콘크리트 펌프카 붐이 하강할 때 근로자가 작업반경 내에 있지 않도록 위험구역 내 근로자 출입을 금지하고 있는가?,5,"1952,1987"
건설업,콘크리트 작업,물체에맞음,콘크리트 펌프카 사용 시 작업 전에 지반·지층 상태에 대한 사전조사를 실시하고 있는가?,4,"1952,1955"
건설업,콘크리트 작업,물체에맞음,콘크리트 펌프카 사용 시 지반의 다짐 상태를 확인하여 충분한 지지력을 확보하고 있는가?,4,1952
건설업,철골 작업,떨어짐,"철골 상부에서 작업할 때 안전대 부착설비가 설치되어 있고, 근로자가 안전대를 착용하고 있는가?",5,1489
건설업,철골 작업,떨어짐,철골 구조물 하부에 추락방망이 설치되어 있는가?,3,2012
건설업,철골 작업,떨어짐,추락위험장소에서 작업 시 안전대 부착설비가 설치되어 있고 안전대를 착용하고 있는가?,3,"1489,2012"
건설업,철골 작업,떨어짐,이동식비계 상부 작업발판에 안전난간이 설치되어 있는가?,3,"1487,1495"
건설업,철골 작업,떨어짐,"철골 상부에서 이동할 때 승강용 사다리를 사용하고 있으며, 안전대를 체결하고 있는가?",2,"2013,2012"
건설업,철골 작업,부딪힘,고소작업 시 안전대 부착설비가 설치되어 있고 근로자가 안전대를 착용하고 있는가?,3,1489
건설업,철골 작업,부딪힘,양중작업 시 유도로프를 설치하여 양중물의 선회 또는 흔들림을 사전에 예방하고 있는가?,2,1656
건설업,철골 작업,부딪힘,양중작업 시 양중물의 형상과 그에 따른 줄걸이의 적정성을 검토하고 있는가?,2,2012
건설업,철골 작업,부딪힘,철골조립 시 추락위험이 있는 장소에 안전대 부착설비를 설치하고 근로자에게 안전대를 지급하고 있는가?,2,2012
건설업,철골 작업,부딪힘,작업장 통로의 주요 부분에 통로 표시를 하고 장애물을 제거하여 이동통로를 확보하고 있는가?,2,"1448,2023"
건설업,철골 작업,물체에맞음,철골부재 양중 중인 자재의 이동경로 하부에 근로자 출입금지 구역이 설정되어 있고 통제되고 있는가?,4,1998
건설업,철골 작업,물체에맞음,철골부재 양중 작업 시 1줄걸이 방법을 사용하고 있지는 않은가?,2,"2012,2042"
건설업,철골 작업,물체에맞음,고소작업대 탑승 상태에서 작업 시 안전대를 체결하고 작업가능범위 내에서만 작업하고 있는가?,2,"1712,1486"
건설업,철골 작업,물체에맞음,"철골부재 인양 시 사용되는 달고리, 클램프 등의 인양용 공구가 마모되거나 손상되지 않았는가?",2,"1938,1507"
건설업,철골 작업,물체에맞음,추락위험 장소에 안전대 부착설비가 설치되어 있고 근로자가 안전대를 착용하고 있는가?,2,1489
건설업,"조적, 미장 및 견출작업",떨어짐,"추락위험이 있는 장소에서 작업할 때 근로자가 안전대를 착용하고 있으며, 안전대 부착설비가 설치되어 있는가?",5,"1489,1486"
건설업,"조적, 미장 및 견출작업",떨어짐,"작업 높이 2m 이상의 모든 작업장에서 안전난간(높이 85~95cm, 중간난간 포함)이 견고하게 설치되어 있는가?",4,"1434,1495"
건설업,"조적, 미장 및 견출작업",떨어짐,"바닥 개구부, 환기개구부, 엘리베이터 피트 등 추락위험 개구부에 안전난간 또는 견고한 덮개가 설치되어 있는가?",4,"1487,1434"
건설업,"조적, 미장 및 견출작업",떨어짐,"말비계, 이동식비계 등 작업대가 평탄한 바닥면에 견고하게 설치되어 있으며, 발바퀴 고정 및 아웃트리거가 설치되어 있는가?",3,"1518,1519"
건설업,"조적, 미장 및 견출작업",떨어짐,"슬래브 단부, 발코니 단부 등 추락위험 장소에서 근로자가 몸을 내미거나 불안전한 행동을 하지 않도록 관리감독이 이루어지고 있는가?",3,"1483,1486"
건설업,"조적, 미장 및 견출작업",끼임,"건설용 리프트, 지게차, 고소작업대 등 건설기계장비의 설치, 조립, 수리 작업 시 관계자 외 출입금지 조치 및 표지판이 설치되어 있는가?",6,"1712,1998"
건설업,"조적, 미장 및 견출작업",끼임,"건설기계장비 사용 전에 방호장치, 브레이크, 과상승방지장치 등의 정상작동 여부를 확인하는 안전점검을 실시하고 있는가?",6,"1575,2104,2136"
건설업,"조적, 미장 및 견출작업",끼임,고소작업대 사용 시 작업대가 일정 높이 이상 상승하지 못하도록 과상승방지장치를 적절한 높이로 설치하고 있는가?,4,"1712,1713"
건설업,"조적, 미장 및 견출작업",끼임,"고소작업대의 안전난간, 방호장치 등이 해체되지 않은 상태로 유지되고 있는가?",4,"1712,1487"
건설업,"조적, 미장 및 견출작업",끼임,"건설기계장비(리프트, 지게차, 고소작업대 등) 운전자가 해당 장비의 운전 자격(면허)을 보유하고 있는가?",2,"1697,1733"
건설업,"조적, 미장 및 견출작업",물체에맞음,"벽체 해체작업 전에 구조, 주변상황 등에 대한 사전조사를 실시하고 해체방법, 해체순서 등 작업계획을 수립하여 준수하고 있는가?",4,1969
건설업,"조적, 미장 및 견출작업",물체에맞음,조적벽체 또는 콘크리트 해체작업 시 상부에서부터 작은 면적 단위로 분할하여 순차적으로 철거하고 있는가?,3,1969
건설업,"조적, 미장 및 견출작업",물체에맞음,해체작업 중 핸드브레이커 사용 시 진동으로 인한 상부 자재 낙하 위험을 사전에 파악하고 안전조치를 취하고 있는가?,3,"2055,1729"
건설업,"조적, 미장 및 견출작업",물체에맞음,"작업발판, 갱폼 등의 개구부에 충분한 강도를 가진 덮개를 설치하고 개구부임을 표시하고 있는가?",2,"1487,1504"
건설업,"조적, 미장 및 견출작업",물체에맞음,고층 건축물의 외부에 높이 10m 이내마다 낙하물방지망을 설치하고 정기적으로 점검하고 있는가?,2,1437
건설업,방수 작업,떨어짐,"안전난간 설치가 곤란한 경우 안전대 부착설비가 설치되어 있고, 근로자가 안전대를 착용하고 있는가?",10,1489
건설업,방수 작업,떨어짐,"방수 작업 시 지붕, 비계, 달비계 등 높이 2m 이상의 작업장소에 안전난간이 설치되어 있는가?",9,1486
건설업,방수 작업,떨어짐,"지붕 단부, 처마, 홈통 등 추락위험이 있는 장소에 안전난간이 설치되어 있는가?",8,1487
건설업,방수 작업,떨어짐,지붕 위에서 작업할 때 별도의 작업발판이 설치되어 있는가?,7,1491
건설업,방수 작업,떨어짐,"경사지붕에서 방수작업 시 미끄러짐을 방지하기 위한 조치(발판, 안전대 등)가 취해졌는가?",5,1491
건설업,방수 작업,화학물질누출접촉,"방수 작업 시 유기용제(프라이머, 하도 등) 도포 장소에 강제 환기설비가 설치되어 있고 작업 중 지속적으로 가동되고 있는가?",3,"1528,1539,83"
건설업,방수 작업,화학물질누출접촉,"지하층, 저수조, 펌프실 등 밀폐되거나 환기가 불충분한 공간에서 유기용제 작업 시 송기마스크 등 호흡용 개인보호구를 모든 작업자에게 지급하고 착용을 확인하고 있는가?",3,"2450,2410,2364"
건설업,방수 작업,화학물질누출접촉,"유기화학물을 취급하는 특별장소(지하층, 밀폐공간, 저수조 등) 작업 시 관리감독자 또는 감시인을 배치하여 작업자의 건강상태를 지속적으로 모니터링하고 있는가?",3,"2425,2415,2073"
건설업,방수 작업,화학물질누출접촉,"지하주차장, 기계실, 펌프실 등 지하층 방수 작업 시 작업 공간의 환기 상태를 사전에 평가하고 필요시 별도의 강제 환기설비를 추가로 설치하고 있는가?",3,"2450,1528,2433"
건설업,방수 작업,화학물질누출접촉,"방수 작업 중 유기용제 유증기로 인한 중독 증상(어지러움, 의식저하 등)이 발생할 경우 즉시 대응할 수 있도록 응급구조 계획과 훈련이 수립되어 있는가?",3,"2099,2457,2030"
건설업,방수 작업,넘어짐,"방수작업 현장에서 높이 2m 이상의 지붕, 옥상, 옥탑에서 작업할 때 안전대를 착용하고 있는가?",2,"1491,1489,1486"
건설업,방수 작업,넘어짐,"지붕 단부, 슬라브 단부 등 추락위험이 있는 장소에 안전난간이 설치되어 있는가?",2,"1491,1487,1495"
건설업,방수 작업,넘어짐,"안전대를 체결할 때 충분한 강도를 가진 고정지점(안전블럭, 로프 등)에 연결하고 있는가?",2,"1489,1950,1487"
건설업,방수 작업,넘어짐,옥상이나 지붕에서의 이동 시 작업발판이나 가설통로를 설치하여 사용하고 있는가?,2,"1491,1449,1712"
건설업,방수 작업,넘어짐,경사진 지붕에서 작업할 때 미끄러짐을 방지하기 위한 별도의 작업발판이나 방호조치를 설치하고 있는가?,2,"1491,1712,1487"
건설업,석재 및 타일 작업,떨어짐,비계 작업발판의 내·외측에 안전난간이 2단으로 견고하게 설치되어 있는가?,6,"1943,1950"
건설업,석재 및 타일 작업,떨어짐,안전난간을 설치할 수 없는 작업 구간에 추락방호망이 설치되어 있는가?,5,1487
건설업,석재 및 타일 작업,떨어짐,"안전난간 또는 추락방호망 설치가 곤란한 경우 안전대 부착설비가 설치되어 있고, 근로자가 안전대를 체결하고 작업하고 있는가?",5,"1489,1487"
건설업,석재 및 타일 작업,떨어짐,작업을 위해 안전난간을 임의로 해체한 경우 안전방망을 설치하거나 안전대 부착설비를 설치하고 안전대를 체결한 후 작업하고 있는가?,4,"1487,1489"
건설업,석재 및 타일 작업,떨어짐,계단 단부 등 추락위험이 있는 장소에 안전난간이 견고하게 설치되어 있는가?,3,"1454,1487"
건설업,석재 및 타일 작업,물체에맞음,"비계 또는 작업발판 위에 석재, 타일 등 자재를 적치할 때 낙하방지조치(눕혀 적치, 결속 등)를 실시하고 있는가?",2,1938
건설업,석재 및 타일 작업,물체에맞음,"자재 인양 작업 구간에 낙하물 방지망, 수직 보호망 등 낙하물방호조치가 설치되어 있는가?",2,"1487,2055"
건설업,석재 및 타일 작업,물체에맞음,"낙하물 발생 가능 구간에 대해 접근통제 조치(안전펜스, 경고표지 등)를 실시하고 있는가?",2,"1487,1943"
건설업,석재 및 타일 작업,물체에맞음,비계 위에서 윈치를 사용하여 자재를 인양할 때 인양물의 불시낙하 방지대책을 수립하고 있는가?,2,1938
건설업,석재 및 타일 작업,물체에맞음,"자재 결속 시 인양벨트, 로프 등이 적절한 강도를 가지고 있으며 정기적으로 점검하고 있는가?",2,1938
건설업,도장작업,떨어짐,도장작업 시 작업자의 신체 균형 유지를 위해 적절한 작업발판과 안전장치가 제공되고 있는가?,9,"1486,1489"
건설업,도장작업,떨어짐,이동식비계 최상부에 안전난간이 견고하게 설치되어 있는가?,5,"1519,1495"
건설업,도장작업,떨어짐,"이동식비계 작업 시 안전난간 설치가 어려운 경우, 안전대 부착설비가 설치되어 있고 작업자가 안전대를 체결하고 있는가?",5,"1489,1484"
건설업,도장작업,떨어짐,"이동식비계의 발바퀴가 고정되어 있으며, 아웃트리거가 설치되어 전도 방지 조치가 되어 있는가?",5,"1519,1692"
건설업,도장작업,떨어짐,A형 사다리를 작업발판으로 사용할 때 사다리 하단에 아웃트리거가 전개되어 흔들림이나 미끄러짐이 없도록 고정되어 있는가?,4,"1450,1513"
건설업,도장작업,넘어짐,"도장작업 중 몸의 중심을 잃을 수 있는 상황(불안정한 작업발판, 고정되지 않은 사다리 등)에 대한 위험성을 사전에 파악하고 있는가?",5,1483
건설업,도장작업,넘어짐,"도장작업 시 작업높이에 적합한 안전한 작업발판(비계, 고소작업대, 말비계 등)을 설치하고 있는가?",4,"1513,1712"
건설업,도장작업,넘어짐,추락 위험이 있는 높이에서 작업할 때 안전대를 착용하고 안전대 부착설비에 체결하고 있는가?,3,1489
건설업,도장작업,넘어짐,사다리를 작업발판으로 사용할 경우 사다리 하단에 아웃트리거를 전개하여 흔들림이나 미끄러짐이 없도록 고정설치하고 있는가?,3,1450
건설업,도장작업,넘어짐,"협소한 작업공간에서 부득이하게 사다리를 사용해야 할 경우, 사다리의 안정성을 확보하기 위한 조치를 취하고 있는가?",3,"1450,1486"
건설업,금속 및 잡철물 작업,떨어짐,"작업 높이에 적합한 안전한 작업발판(비계, 고소작업대 등)이 설치되어 있는가?",10,"1712,1513,1450"
건설업,금속 및 잡철물 작업,떨어짐,추락 위험이 있는 작업장에서 근로자가 안전대를 착용하고 있는가?,10,"1489,1486,1483"
건설업,금속 및 잡철물 작업,떨어짐,추락 위험이 있는 장소에서 근로자가 안전모를 착용하고 있는가?,7,"1462,1483,1487"
건설업,금속 및 잡철물 작업,떨어짐,작업발판 또는 비계에 견고한 안전난간이 설치되어 있는가?,4,"1517,1513,1943"
건설업,금속 및 잡철물 작업,떨어짐,이동식 사다리 사용 시 하단에 아웃트리거를 전개하여 고정하고 있는가?,4,"1450,1513,1518"
건설업,금속 및 잡철물 작업,부딪힘,"운행 중인 철도, 크레인, 리프트 등 위험 장비 근처에서 작업할 때 신호수, 작업지휘자, 열차감시원 등을 배치하고 있는가?",3,"2048,2005,1964"
건설업,금속 및 잡철물 작업,부딪힘,"작업장에서 두 가지 이상의 작업이 동시에 진행되는 경우, 작업 간섭 및 충돌 위험에 대한 사전 검토 및 작업계획을 수립하고 있는가?",2,"1950,1999,1370"
건설업,금속 및 잡철물 작업,부딪힘,"이동식비계나 고소작업대 사용 시 바퀴 고정(브레이크, 쐐기), 아웃트리거 설치 등 전도방지 조치를 취하고 있는가?",2,"1519,1692,1712"
건설업,금속 및 잡철물 작업,부딪힘,"작업장 바닥의 단차, 요철, 장애물 등을 제거하여 청결하게 유지하고 있는가?",2,"1487,1450,24"
건설업,금속 및 잡철물 작업,부딪힘,"승강기, 크레인, 리프트 등 기계장비가 작동하는 구역에서 작업할 때 해당 장비의 전원을 차단하고 조작부를 잠금 처리하고 있는가?",2,"1575,1962,1656"
건설업,금속 및 잡철물 작업,절단베임찔림,"양중작업 시 작업반경 내 근로자의 출입을 통제하고 있으며, 작업지휘자를 배치하고 있는가?",2,"1477,1964"
건설업,금속 및 잡철물 작업,절단베임찔림,중량물 취급 작업계획서를 수립하고 근로자에게 내용을 주지하고 있는가?,2,1767
건설업,금속 및 잡철물 작업,절단베임찔림,높이 2m 이상의 추락위험 장소에서 작업하는 근로자에게 안전모를 포함한 개인보호구를 지급하고 착용을 관리하고 있는가?,2,"1462,1486"
건설업,금속 및 잡철물 작업,절단베임찔림,"중량물 양중작업 중 양중물을 지면에 내려놓지 않은 상태에서 절단, 용접 등의 추가 작업을 수행하고 있지는 않은가?",1,
건설업,금속 및 잡철물 작업,절단베임찔림,"강관, 파이프 등 각재 해체작업 시 기존 구조물에서 완전히 분리된 후 작업을 진행하고 있는가?",1,1950
건설업,창호 및 유리 작업,떨어짐,창호 및 유리 작업 시 작업자의 개인보호구 착용 여부를 정기적으로 점검하고 관리감독하고 있는가?,11,"1464,2187"
건설업,창호 및 유리 작업,떨어짐,"고소작업대 사용 시 작업자가 안전대를 착용하고 있으며, 안전대가 견고한 구조물에 제대로 체결되어 있는가?",7,"1489,1712"
건설업,창호 및 유리 작업,떨어짐,고소작업대의 작업대 전면부에 웨빙띠 또는 철재난간대 등의 추락방지조치가 설치되어 있는가?,5,"1487,1712"
건설업,창호 및 유리 작업,떨어짐,고소작업대에 탑승하여 작업할 때 안전난간이 설치되지 않은 단부 구간에서 작업하지 않도록 조치하고 있는가?,5,"1712,1487"
건설업,창호 및 유리 작업,떨어짐,"달비계 로프가 2개 이상의 견고한 고정점(콘크리트 매립 고리, 철재 구조물 등)에 풀리지 않도록 결속되어 있는가?",3,1513
건설업,창호 및 유리 작업,부딪힘,"창호, 유리 등 무거운 자재를 운반·적재할 때 2인 이상이 함께 작업하고 있는가?",2,"1950,1486"
건설업,창호 및 유리 작업,부딪힘,"자재 상하차 및 적재 작업 시 바닥면이 평탄한지 확인하고, 경사면에서의 작업을 금지하고 있는가?",1,"1513,2016"
건설업,창호 및 유리 작업,부딪힘,판유리 등 무거운 자재 적재 시 전용 적재대를 사용하고 전도방지조치를 실시하고 있는가?,1,1950
건설업,창호 및 유리 작업,부딪힘,고소작업대 사용 시 조종원과 작업자 간의 명확한 신호체계를 수립하고 준수하고 있는가?,1,"2425,2427,1762"
건설업,창호 및 유리 작업,부딪힘,고소작업대의 허용 작업반경을 초과하여 작업하는 행위를 금지하고 있는가?,1,"1712,2039"
건설업,수장 작업,떨어짐,"작업 시 사용하는 이동식비계, 고소작업대, 리프트 등 모든 작업장비에 안전난간이 2단으로 설치되어 있으며, 정기적으로 점검되고 있는가?",6,"1712,1713"
건설업,수장 작업,떨어짐,고소작업대나 이동식비계 위에서 작업할 때 근로자가 양손으로 자재를 들어올리거나 몸을 내밀어 작업하는 행위를 금지하고 있는가?,3,"1486,1483"
건설업,수장 작업,떨어짐,건설용 리프트가 층 사이에 정지했을 때 근로자가 안전문을 열고 건물 내부로 이동하는 행위를 금지하고 있는가?,2,"1487,1713"
건설업,수장 작업,떨어짐,"건설용 리프트 사용 근로자를 대상으로 리프트의 동작원리, 방호장치 기능 및 비상정지장치 사용법을 포함한 특별교육을 실시하고 있는가?",2,88
건설업,수장 작업,떨어짐,"건설용 리프트의 비상정지장치를 수시로 점검하고, 이상 발견 시 필요한 조치를 실시하고 있는가?",2,"2104,2136"
건설업,수장 작업,끼임,"자재 운반 작업 전에 작업계획서를 수립하고, 운반 방법, 자재 규격, 중량 등을 사전에 검토하였는가?",3,1473
건설업,수장 작업,끼임,"경사로나 불안정한 지반에서 자재를 운반할 때, 적정 중량 이하의 자재만 적재하여 운반하도록 관리감독하고 있는가?",2,"2018,2031"
건설업,수장 작업,끼임,지게차 등 하역운반기계 작업 시 화물의 낙하 위험구간에 작업자가 접근하지 않도록 안전조치를 실시하고 있는가?,2,"1723,1962"
건설업,수장 작업,끼임,손수레나 지게차 운반 작업 중 동료 작업자가 화물 주변에 접근하지 않도록 안전교육 및 감시를 실시하고 있는가?,2,"2425,2060"
건설업,수장 작업,끼임,"자재 적재 구간 주변에 불필요한 물품이 적재되어 있지 않은지 확인하고, 필요시 정리정돈을 실시하고 있는가?",2,1969
건설업,수장 작업,넘어짐,"자재 및 장비 적재·보관 시 낙하나 전도 위험이 없도록 안전 조치(받침, 고정 등)를 하고 있는가?",2,"1969,2211"
건설업,수장 작업,넘어짐,"작업장 내 계단, 비계, 작업반경 등에 장애물이 없도록 정리정돈 및 관리감독을 실시하고 있는가?",2,"1487,1677"
건설업,수장 작업,넘어짐,"높이가 있는 장비(이동식비계, 크레인 등)에서의 승하강 시 지정된 통로나 안전한 방법을 사용하도록 지도하고 있는가?",2,"1519,1493"
건설업,수장 작업,넘어짐,"모든 작업자가 작업 특성에 맞는 개인보호구(안전모, 안전화 등)를 올바르게 착용하고 있는지 점검 및 관리감독하고 있는가?",2,"1464,1581"
건설업,수장 작업,넘어짐,"작업장의 조도가 적절하게 확보되어 있어 작업자의 실족, 추락, 넘어짐 위험을 예방하고 있는가?",1,"1486,1487"
건설업,판넬 등 외부마감 작업,떨어짐,"지붕 위에서 작업할 때 근로자가 안전대를 체결하고 있으며, 안전대 부착설비가 설치되어 있는가?",5,"1489,1491"
건설업,판넬 등 외부마감 작업,떨어짐,지붕 위에서 작업할 때 추락방지망이 설치되어 있는가?,5,1491
건설업,판넬 등 외부마감 작업,떨어짐,"지붕 위에서 작업할 때 노후화되거나 강도가 약한 지붕재(선라이트, 슬래이트, 샌드위치 판넬 등) 위에 지붕 전용 안전덮개(발판)를 견고하게 설치하였는가?",4,1491
건설업,판넬 등 외부마감 작업,떨어짐,지붕 위에서 작업 시 충분한 강도와 규격으로 제작된 지붕사다리를 설치하였는가?,4,"1491,1450"
건설업,판넬 등 외부마감 작업,떨어짐,지붕 위에서 작업 중 근로자의 안전대 체결 여부를 점검하고 관리감독하고 있는가?,4,"1491,2422"
건설업,판넬 등 외부마감 작업,부딪힘,"지붕 위에서 작업하는 모든 근로자가 안전대를 착용하고 있으며, 안전대 체결 여부를 관리감독하고 있는가?",5,"1486,1489"
건설업,판넬 등 외부마감 작업,부딪힘,지붕 위에서 지붕재 해체 또는 설치 작업 시 추락방지망이 설치되어 있는가?,4,1491
건설업,판넬 등 외부마감 작업,부딪힘,지붕 위에서 작업하는 근로자에 대한 현장 관리감독자의 지속적인 점검 및 감시 체계가 구축되어 있는가?,4,"2425,2422"
건설업,판넬 등 외부마감 작업,부딪힘,"지붕 위에서 작업할 때 지붕 단부(모서리, 처마)에 안전난간이 설치되어 있는가?",3,1491
건설업,판넬 등 외부마감 작업,부딪힘,지붕 단부에서 작업할 경우 외부 비계 또는 쌍줄비계를 설치하여 작업발판과 안전난간을 구성하였는가?,3,"1491,1513"
건설업,판넬 등 외부마감 작업,감전,"작업 전에 현장 주변의 고압선로, 변압기, 전신주 등 충전부 위치를 파악하는 사전 조사를 실시했는가?",3,"1955,1883"
건설업,판넬 등 외부마감 작업,감전,"충전부 인근에서 작업할 경우, 한전 등 관계기관에 협조하여 정전작업을 실시했는가?",3,"1921,1925"
건설업,판넬 등 외부마감 작업,감전,충전부로부터 최소 3미터 이상의 안전 이격거리를 확보하고 작업 계획에 반영했는가?,3,"1925,1924"
건설업,판넬 등 외부마감 작업,감전,"충전부 인근에서 양중작업, 고소작업대 작업 시 감전위험을 경보하기 위한 감시인을 배치했는가?",3,"1923,2425"
건설업,판넬 등 외부마감 작업,감전,"지붕, 높은 위치에서의 외부마감 작업 시 인근 고압선로와의 거리를 확인하는 작업계획서를 수립했는가?",3,"1491,1950"
건설업,전기 설비 작업,떨어짐,"지붕 상부 작업 시 고소작업대(차량탑재형, 시저형) 또는 고정용 수직사다리를 이용하여 안전하게 이동하고 있는가?",5,"1712,1491,1486"
건설업,전기 설비 작업,떨어짐,지붕 상부에서 이동할 때 60cm 이상의 발판을 설치하여 이동통로를 구획하고 있는가?,5,"1491,1450,1712"
건설업,전기 설비 작업,떨어짐,채광창(썬라이트) 상부에 견고한 발판을 설치하여 작업자가 직접 밟지 않도록 조치하고 있는가?,5,"1488,1487"
건설업,전기 설비 작업,떨어짐,A형 사다리 사용 시 최상단 답단에서의 작업을 금지하고 있는가?,5,"1516,1486"
건설업,전기 설비 작업,떨어짐,A형 사다리 사용 시 아웃트리거를 설치하여 전도방지조치를 실시하고 있는가?,5,"1692,1673"
건설업,전기 설비 작업,감전,전기 설비 작업 전에 해당 전로의 차단 여부를 확인하고 정전 상태에서 작업을 실시하고 있는가?,10,"1918,1917"
건설업,전기 설비 작업,감전,"고소 작업(사다리, 비계, 고소작업차 등) 중 전기 작업 시 안전대 부착설비를 설치하고 있는가?",7,"1922,1921"
건설업,전기 설비 작업,감전,"전기 작업 시 절연보호구(절연장갑, 절연화 등)를 지급하고 착용 상태를 관리하고 있는가?",6,"1922,1921,1883"
건설업,전기 설비 작업,감전,"천장 마감재 상부, 트렌치, 패널 내부 등 협소한 공간에서의 전기 작업 시 충전부 노출 여부를 사전에 확인하고 있는가?",6,"1883,1922,1921"
건설업,전기 설비 작업,감전,"배전반, 수변전반, MCC판넬 등 내부 작업 시 활선 상태의 부스바, 전력퓨즈, BUS-BAR 등 충전부에 신체가 접촉되지 않도록 주의하고 있는가?",5,"1921,1883,1922"
건설업,전기 설비 작업,부딪힘,"작업 시작 전 작업장소의 지반상태, 경사도, 안전성을 사전에 확인하고 기록하였는가?",2,"1999,1955"
건설업,전기 설비 작업,부딪힘,"고소작업대 사용 시 아웃트리거를 최대로 확장하고 견고한 지반에 안착시켰으며, 필요시 하부 고임목이나 깔목 등 고정조치를 실시하였는가?",2,1712
건설업,전기 설비 작업,부딪힘,"작업 시작 전 고소작업대, 윈치 등 기계설비의 안전장치 정상작동 여부를 점검하였는가?",2,"2104,2136"
건설업,전기 설비 작업,부딪힘,"낙하물이나 굴러떨어질 위험이 있는 자재(케이블드럼, 로프 등)에 대해 쐐기 고정, 로프 이탈방지 등의 고정조치를 실시하였는가?",2,2042
건설업,전기 설비 작업,부딪힘,고소작업대 또는 사다리 위에서 작업 시 안전대를 지급하고 착용상태를 관리하였는가?,2,"1712,1486"
건설업,기계설비 작업,끼임,고소작업대 작업 전 과상승방지장치의 기능을 점검하고 있는가?,8,"1712,1713"
건설업,기계설비 작업,끼임,"고소작업대 작업 시 상부 장애물(파이프, 배관, 구조물 등)로부터 과상승방지장치의 유효높이를 확보하고 있는가?",7,"1712,1713"
건설업,기계설비 작업,끼임,고소작업대 작업 시 현장여건에 적합한 과상승방지장치를 설치하고 있는가?,7,"1712,1045"
건설업,기계설비 작업,끼임,"기계설비 정비, 청소, 수리 작업 시 LOTO(Lock Out/Tag Out) 절차를 준수하고 있는가?",3,1575
건설업,기계설비 작업,끼임,기계설비 작동 중 작업자가 투입될 경우 감시인을 배치하고 있는가?,3,"2425,2427"
건설업,기계설비 작업,떨어짐,2m 이상의 높이에서 추락 위험이 있는 작업 시 안전대 부착설비를 설치하고 안전대를 체결하도록 관리하고 있는가?,5,"1489,1486"
건설업,기계설비 작업,떨어짐,고소작업이 필요한 경우 사다리보다 고소작업대나 이동식비계 등을 우선적으로 사용하도록 하고 있는가?,4,"1712,1713"
건설업,기계설비 작업,떨어짐,"모든 고소작업 시 안전모, 안전화, 안전대 등 개인보호구를 지급하고 착용상태를 관리하고 있는가?",4,"1489,1712"
건설업,기계설비 작업,떨어짐,"지붕 위에서의 이동 작업 시 고소작업대(차량탑재형, 시저형) 또는 고정용 수직사다리를 이용하여 안전하게 이동하도록 하고 있는가?",3,"1712,1713,1491"
건설업,기계설비 작업,떨어짐,"사다리를 사용한 고소작업 시 사다리를 벽이나 옹벽에 견고하게 고정하고 있으며, 안전대 부착설비를 별도로 설치하고 있는가?",3,"1450,1489"
건설업,기계설비 작업,깔림.뒤집힘,"기계설비 세우기 작업 중 전도 방지를 위한 보강조치(체인블록, 윈치 등)가 수립되어 있는가?",4,"251,1692"
건설업,기계설비 작업,깔림.뒤집힘,"설비 해체작업 시 해체작업 계획서를 작성하고 도면, 구조검토서 등을 통해 해체 구조물에 대한 정보를 확인하고 있는가?",3,"1950,1969"
건설업,기계설비 작업,깔림.뒤집힘,설비 해체작업 시 해체순서 및 해체방법을 수립하고 전도 방지 조치 및 보강조치를 계획하고 있는가?,3,"1692,1950"
건설업,기계설비 작업,깔림.뒤집힘,"중량물 운반 및 이동 작업 시 전도 방지를 위해 체인블록, 윈치 등의 달기구를 사용하고 있는가?",2,"1721,1636"
건설업,기계설비 작업,깔림.뒤집힘,자재 운반 시 자재를 평탄한 발판 위에 올려놓는 등의 전도 방지 조치를 취하고 있는가?,2,"1692,2055"
건설업,엘리베이터 설치 작업,떨어짐,엘리베이터 피트 내부 및 승강로 주변 추락 위험 구간에 안전난간이 설치되어 있는가?,7,"1434,1487"
건설업,엘리베이터 설치 작업,떨어짐,엘리베이터 피트 내부에서 작업할 때 근로자에게 안전대를 지급하고 안전대 부착설비가 견고하게 설치되어 있는가?,6,"1489,1712"
건설업,엘리베이터 설치 작업,떨어짐,엘리베이터 피트 내부에서 자재 및 공구를 인력으로 전달하는 작업 시 안전한 작업방법을 수립하고 있는가?,4,"1950,2450"
건설업,엘리베이터 설치 작업,떨어짐,승강기 해체 작업 전 중량물 취급 작업계획서를 수립하고 안전한 작업방식을 검토하고 있는가?,3,1493
건설업,엘리베이터 설치 작업,떨어짐,"승강기를 매달고 있는 체인, 와이어로프, 슬링벨트 등 달기구의 강도와 상태를 작업 전에 점검하고 있는가?",3,
건설업,엘리베이터 설치 작업,끼임,"승강기 카 내부, 상부, 승강로 내부에서 작업할 때 사전에 운전을 정지하고 전원을 차단하는 조치를 취하고 있는가?",5,"1575,1899"
건설업,엘리베이터 설치 작업,끼임,"승강기 설치, 정비, 보수 작업 중 작업 지휘자를 선임하고 관계근로자 외 사람의 출입을 금지하는 조치를 실시하고 있는가?",3,"1477,1549"
건설업,엘리베이터 설치 작업,끼임,승강기 작업 중 근로자에게 개인보호구를 지급하고 착용상태를 관리감독하고 있는가?,3,2474
건설업,엘리베이터 설치 작업,끼임,승강기 카 내부 또는 상부에서의 작업 시 단독작업을 금지하고 있는가?,2,1549
건설업,엘리베이터 설치 작업,끼임,승강기 작업 전에 방호장치 등의 상태점검을 실시하고 결함이 발견된 경우 정비 후 사용하도록 하고 있는가?,2,"2104,2136"
건설업,엘리베이터 설치 작업,물체에맞음,"승강기를 매달기 위해 사용하는 와이어로프, 체인, 고리(카라비너) 등 달기구의 강도가 승강기 중량에 충분한가?",3,1493
건설업,엘리베이터 설치 작업,물체에맞음,"달기구에서 이상(손상, 변형, 풀림 등)이 발견되었을 때 즉시 교체하는 절차가 있는가?",3,1507
건설업,엘리베이터 설치 작업,물체에맞음,승강기 해체/교체 작업 전에 중량물 취급에 대한 작업계획서를 수립하고 검토했는가?,2,1766
건설업,엘리베이터 설치 작업,물체에맞음,"승강기 매달기 작업 전에 와이어로프, 체인, 고리 등의 상태를 점검했는가?",2,2104
건설업,엘리베이터 설치 작업,물체에맞음,"와이어로프, 체인, 고리 등의 체결 및 고정 상태를 작업 전에 반드시 점검하고 기록했는가?",2,2308
건설업,조경작업,떨어짐,조경작업 현장에서 2m 이상의 높이에서 작업할 때 안전모를 포함한 개인보호구를 모든 근로자에게 지급하고 착용하도록 관리하고 있는가?,14,1462
건설업,조경작업,떨어짐,"2m 이상의 높이에서 전지작업, 수형교정작업 등을 수행할 때 이동식 사다리 대신 발판이 설치된 이동식 비계나 고소작업대를 사용하고 있는가?",6,"1519,1712,1713"
건설업,조경작업,떨어짐,추락 위험이 있는 장소에서 작업할 경우 안전대 착용 등 추락방지조치를 실시하고 있는가?,4,1489
건설업,조경작업,떨어짐,"이동식 사다리를 사용하는 전지작업, 수형교정작업 등에서 2인 1조로 작업을 수행하고 있는가?",3,1450
건설업,조경작업,떨어짐,"이동식 사다리 사용 시 경작업에만 A형 사다리를 사용하고, 일자로 핀 경우는 이동통로로만 사용하도록 제한하고 있는가?",3,"1450,1451"
건설업,조경작업,깔림.뒤집힘,"건설기계(굴삭기, 골프카트 등) 후진 작업 시 유도자를 배치하고 있는가?",4,"1964,2005"
건설업,조경작업,깔림.뒤집힘,건설기계 작업 시 근로자와 장비의 동선을 분리하고 있는가?,4,"1964,2005"
건설업,조경작업,깔림.뒤집힘,"건설기계에 후방카메라, 후방센서, 경보장치 등 안전장치가 부착되어 있는가?",4,"243,1057"
건설업,조경작업,깔림.뒤집힘,벌목 작업 시 벌도목이 쓰러지는 방향을 위험구역으로 설정하고 접근을 금지하고 있는가?,3,2044
건설업,조경작업,깔림.뒤집힘,벌목 작업 시 대피로 및 대피장소를 사전에 지정하고 신호방법을 정하고 있는가?,2,2044
건설업,조경작업,절단베임찔림,절단 및 벌목 작업에 참여하는 모든 근로자에게 안전모를 포함한 개인보호구를 지급하고 착용을 철저히 관리하고 있는가?,5,"1462,1463"
건설업,조경작업,절단베임찔림,절단된 나무 또는 낙하 가능한 나뭇가지로 인한 위험을 방지하기 위해 낙하위험지역의 근로자 출입을 통제하고 있는가?,4,2044
건설업,조경작업,절단베임찔림,벌목 및 나무 절단 작업 시 절단 대상 수목에 대한 사전 수구작업(밑동 상태 확인)을 실시하고 있는가?,3,2044
건설업,조경작업,절단베임찔림,벌목 작업 시 벌도목이 쓰러지는 방향을 사전에 파악하고 해당 방향을 위험구역으로 설정하여 근로자의 접근을 금지하고 있는가?,3,2044
건설업,조경작업,절단베임찔림,벌목 및 절단 작업 시 대피로 및 대피장소를 사전에 지정하고 근로자에게 주지시키고 있는가?,3,2044
건설업,포장 작업,깔림.뒤집힘,"포장 작업 현장에서 차량계 건설기계(덤프트럭, 굴착기, 롤러 등)가 후진할 때 운전자의 시야를 확보하기 위해 후방카메라, 후방센서, 경보장치 등이 설치되어 있는가?",14,"1704,1731"
건설업,포장 작업,깔림.뒤집힘,포장 작업 현장에서 차량계 건설기계의 사각지대 및 접촉 가능 장소에 대해 근로자 출입금지 구역을 설정하고 관리하고 있는가?,14,"1731,1962"
건설업,포장 작업,깔림.뒤집힘,차량계 건설기계가 근로자와 근접하여 작업하는 구간에서 유도자(신호수)를 배치하여 안전한 작업 진행을 관리하고 있는가?,13,"1964,2005"
건설업,포장 작업,깔림.뒤집힘,포장 작업 시 근로자와 건설기계의 동선을 분리하여 운영하고 있는가?,10,"1964,2005"
건설업,포장 작업,깔림.뒤집힘,"차량계 건설기계 운전자가 작업 전에 후방카메라, 센서, 경보장치 등 안전장치를 점검하고 있는가?",3,"1570,1704"
건설업,포장 작업,끼임,"차량계 건설기계 운전자의 시야 확보를 위해 후방카메라, 후방센서, 경보장치 등이 부착되어 있는가?",4,"1733,1704"
건설업,포장 작업,끼임,"건설기계 운전자의 사각지대 발생 가능성을 파악하고, 근로자가 건설기계에 근접하여 작업할 때 안전 신호 체계를 운영하고 있는가?",4,"1731,1964,1344"
건설업,포장 작업,끼임,"포장작업 현장에서 차량계 건설기계 작업 전 안전점검(브레이크, 조향장치, 후진 경보음 등)을 실시하고 있는가?",4,"1575,1848"
건설업,포장 작업,끼임,"포장작업 현장에서 차량계 건설기계(덤프트럭, 롤러 등) 후진 작업 시 유도자를 배치하고 있는가?",3,"1964,2005"
건설업,포장 작업,끼임,"포장작업 중 근로자와 건설기계의 동선이 분리되어 있으며, 건설기계 접촉 가능 장소에 근로자 출입금지 조치가 되어 있는가?",3,"1964,2039,1731"
건설업,포장 작업,사업장내교통사고,"포장공사 현장에서 덤프트럭이 후진할 때 운전자의 시야를 확보하기 위한 카메라, 후방센서, 경보장치 등이 설치되어 있는가?",4,"1762,1761,1704"
건설업,포장 작업,사업장내교통사고,건설기계(덤프트럭)가 근로자에게 접근 가능한 장소에서 작업할 때 전담 유도자를 배치하고 있는가?,4,"1731,1964,1344"
건설업,포장 작업,사업장내교통사고,차량계 건설기계의 사각지대 발생 가능성이 높은 구간에서 근로자 출입을 금지하고 있는가?,4,"1731,1721,1726"
건설업,포장 작업,사업장내교통사고,포장공사 현장에서 근로자와 덤프트럭 등 건설장비의 동선을 완전히 분리하여 운영하고 있는가?,4,"1964,2005,1962"
건설업,포장 작업,사업장내교통사고,"장비유도자가 배치된 경우에도 운전자가 유도자를 인지하지 못할 수 있는 상황에 대비한 추가 안전장치(카메라, 센서 등)가 구비되어 있는가?",2,"1704,1731,2059"
건설업,포설 및 다짐 작업,깔림.뒤집힘,건설기계 운전자가 운전석을 이탈할 때 주차 브레이크를 확실히 체결하고 있는가?,2,1589
건설업,포설 및 다짐 작업,깔림.뒤집힘,차량계 건설기계 사용 전에 제동장치(브레이크) 기능 이상 유무를 점검하고 있는가?,2,"1575,2057"
건설업,포설 및 다짐 작업,깔림.뒤집힘,경사로에 주차할 때 핸드 브레이크와 풋 브레이크를 함께 사용하고 있는가?,2,1721
건설업,포설 및 다짐 작업,깔림.뒤집힘,건설기계가 후진할 때 시야 확보를 위해 유도자를 배치하고 있는가?,2,"1964,2005"
건설업,포설 및 다짐 작업,깔림.뒤집힘,차량계 건설기계의 사각지대 발생 가능성이 높은 작업 시 근로자 출입을 금지하고 있는가?,2,"1731,1962,1964"
건설업,포설 및 다짐 작업,끼임,"차량계 건설기계(덤프트럭, 타이어롤러, 진동롤러 등)의 후진 작업 시 장비유도자를 배치하고 있는가?",3,"1964,1733"
건설업,포설 및 다짐 작업,끼임,"건설기계 운전자의 시야 확보를 위해 카메라, 후방센서, 경보장치 등의 안전장치를 부착하고 있는가?",2,"1710,1704"
건설업,포설 및 다짐 작업,끼임,"사각지대 발생가능성이 높은 장소(지하주차장 램프, 교량 하부, 협소한 공간 등)에서 차량계 건설기계의 단독 작업을 금지하고 있는가?",2,"1962,1721"
건설업,포설 및 다짐 작업,끼임,포설 및 다짐 작업 중 근로자와 건설기계의 동선을 분리하여 운영하고 있는가?,2,"1964,2005"
건설업,포설 및 다짐 작업,끼임,근로자가 건설기계에 근접하여 작업을 수행할 때 안전한 상태에서 작업이 진행되도록 감시하고 있는가?,2,"2425,1964"
건설업,포설 및 다짐 작업,부딪힘,"차량계 건설기계(덤프트럭, 열차 등) 운행 시 운전자의 시야 확보 상태를 사전에 점검하고 있는가?",3,"1570,1704"
건설업,포설 및 다짐 작업,부딪힘,차량계 건설기계가 후진하거나 이동할 때 현장에 유도자를 배치하여 근로자의 안전을 확보하고 있는가?,2,"1964,2005"
건설업,포설 및 다짐 작업,부딪힘,차량계 건설기계의 사각지대 및 접촉 가능 장소에 대해 근로자 출입금지 조치를 실시하고 있는가?,2,1731
건설업,포설 및 다짐 작업,부딪힘,"차량계 건설기계에 후방카메라, 후방센서, 경보장치 등 안전장치가 부착되어 있고 정상 작동하는가?",2,"1733,1735"
건설업,포설 및 다짐 작업,부딪힘,"차량계 건설기계 작업 전에 후방카메라, 센서, 경보장치 등 안전장치에 대한 점검을 실시하고 있는가?",2,"1575,1704"
건설업,강교 설치 작업,떨어짐,"고소 작업장에서 사용되는 모든 작업발판(합판, 계단, 발판)이 충분한 강도를 가지고 있으며, 정기적으로 안전성을 검사하고 있는가?",3,"1712,1487,1434"
건설업,강교 설치 작업,떨어짐,"2m 이상의 높이에서 수행되는 모든 작업에 대해 안전대 착용 및 안전고리 체결을 의무화하고 있으며, 이를 현장에서 확인하고 있는가?",2,"1489,1950,1486"
건설업,강교 설치 작업,떨어짐,"교량 및 교각 작업 시 개구부, 낙하위험 지점에 대해 덮개 설치 또는 안전난간 등의 방호조치를 실시하고 있는가?",2,"1487,2054,2055"
건설업,강교 설치 작업,떨어짐,"고소 작업 중 사용되는 임시 구조물(비계, 계단, 발판)의 지지부(클램프, 앵커볼트 등)가 상부 하중을 견딜 수 있도록 설계되고 설치되었는가?",2,"1513,1520,1449"
건설업,강교 설치 작업,떨어짐,"가설계단, 앵커볼트 등 임시 구조물의 설치 시 설계 기준(묻힘깊이, 하중 등)을 정확히 준수하고 있으며, 시공 후 검증하고 있는가?",1,"1938,1500,1507"
건설업,터널 굴착 작업,물체에맞음,"터널 굴착 작업 전에 막장면의 절리상태, 지질 및 지층 상태에 대한 사전조사를 실시하고 있는가?",3,"1955,1969"
건설업,터널 굴착 작업,물체에맞음,"막장면에서 낙반 위험이 있는 부석에 대해 제거, 숏크리트 타설, 굴착공법 변경 등의 위험 방지 조치를 실시하고 있는가?",3,"1978,1979"
건설업,터널 굴착 작업,물체에맞음,터널 지보공 설치작업 시 숏크리트 타설방법 및 두께를 적절히 관리하고 있는가?,2,1990
건설업,터널 굴착 작업,물체에맞음,록볼트 정착재가 적절하게 충진되어 있는지 정기적으로 확인하고 있는가?,2,"1969,1990"
건설업,터널 굴착 작업,물체에맞음,기계굴착 및 천공작업으로 막장면에 충격이 가해질 경우 숏크리트 등의 보강대책을 적용하고 있는가?,2,"1990,1969"
제조업,가공 설비를 이용한 작업,물체에맞음,"선반 가공 시 척(chuck), 방진구, 심압대의 체결상태를 작업 전에 확인하고 있는가?",6,"1620,1622"
제조업,가공 설비를 이용한 작업,물체에맞음,모든 근로자가 보안경 또는 보안면 등 안면보호구를 착용하고 작업하고 있는가?,6,1581
제조업,가공 설비를 이용한 작업,물체에맞음,칩 브레이커 등 가공 중 발생하는 칩이나 파편을 제어할 수 있는 장치가 설치되어 있고 정상 작동하는가?,6,"251,252"
제조업,가공 설비를 이용한 작업,물체에맞음,고속 회전하는 가공물이 편심이나 불균형으로 인해 휘어지거나 이탈할 수 있는 상황을 사전에 점검하고 있는가?,4,"1608,1609"
제조업,가공 설비를 이용한 작업,물체에맞음,"회전하는 가공물이나 회전체에 방호덮개가 설치되어 있거나, 근로자 접근금지용 울타리가 설치되어 있는가?",3,"1560,1556,1563"
제조업,가공 설비를 이용한 작업,끼임,회전축에 근접하여 작업할 때 근로자가 밀착형 가죽장갑 등 말릴 위험이 낮은 개인보호구를 지급받고 착용하고 있는가?,5,"1582,1563,1462"
제조업,가공 설비를 이용한 작업,끼임,"회전축이나 회전부를 가진 설비 작업 시 근로자들에게 말릴 위험이 있는 목장갑, 면장갑 등의 착용 금지 및 밀착형 가죽장갑 착용에 대한 교육을 실시하고 있는가?",4,"1563,1582,1560"
제조업,가공 설비를 이용한 작업,끼임,"설비의 방호장치(광전자식 방호장치, 양수조작식 등)가 정상적으로 작동하는지 작업 전에 확인하는 절차가 수립되어 있는가?",3,"2136,1847,2104"
제조업,가공 설비를 이용한 작업,끼임,방호장치 작동불량 등 이상 발견 시 관리감독자에게 즉시 보고하고 조치 후 작업을 재개하는 안전문화가 구축되어 있는가?,3,"1616,243,212"
제조업,가공 설비를 이용한 작업,끼임,같은 작업장에서 도급인과 수급인의 작업이 혼재될 때 재해 발생을 예방하기 위한 의사전달 체계가 수립되어 있는가?,3,"212,243,181"
제조업,가공 설비를 이용한 작업,절단베임찔림,"가공 설비 작업 시 보안경, 보안면 등 안면보호구를 항상 착용하고 있는가?",3,"1572,251"
제조업,가공 설비를 이용한 작업,절단베임찔림,"선반 가공 시 척, 방진구 및 심압대의 체결상태를 작업 전에 확인하고 있는가?",3,"1575,92"
제조업,가공 설비를 이용한 작업,절단베임찔림,선반 가공 설비에 칩 브레이커 등 튕겨나오는 가공물을 방지하는 장치가 설치되어 있고 정상 작동하는가?,3,"1572,251"
제조업,가공 설비를 이용한 작업,절단베임찔림,튕겨나온 가공물이나 파편의 위험성에 대해 근로자에게 정기적으로 교육하고 있는가?,3,"1572,103"
제조업,가공 설비를 이용한 작업,절단베임찔림,"금형, 피어싱 등 설비 부속품의 손상 여부를 정기적으로 점검하고 파손된 경우 즉시 교체하고 있는가?",2,"1848,2180"
제조업,건설기계를 사용하는 작업,깔림.뒤집힘,"근로자 이동 통로와 건설기계 운행 경로가 명확하게 구분되어 있고, 혼재 작업 시 작업지휘자 또는 유도자를 배치하고 있는가?",6,"1477,1964"
제조업,건설기계를 사용하는 작업,깔림.뒤집힘,"중량물 취급 작업에 대한 작업계획서를 작성하여 작업방법, 운행경로, 근로자와 건설기계 혼재 작업 여부를 명시하고 있는가?",3,1473
제조업,건설기계를 사용하는 작업,깔림.뒤집힘,"건설기계 운전 시작 전에 제동장치, 설비의 설치 상태, 방호장치 등을 점검하고 있는가?",3,2104
제조업,건설기계를 사용하는 작업,깔림.뒤집힘,"건설기계의 결함이 발견되었을 때 즉시 관리자에게 보고하고, 조치 전까지 사용을 금지하는 규정이 마련되어 있는가?",3,"1573,1575"
제조업,건설기계를 사용하는 작업,깔림.뒤집힘,"작업장에서 건설기계(로더, 굴삭기, 덤프트럭 등)를 주·정차할 때 브레이크 잠금과 고임목 체결을 철저히 하고 있는가?",2,1730
제조업,건설기계를 사용하는 작업,물체에맞음,"굴삭기의 버킷, 그래플, 자석 등 작업장치의 연결부가 핀(pin)으로 완전히 체결되어 있는가?",5,1765
제조업,건설기계를 사용하는 작업,물체에맞음,작업장치를 단순히 걸쳐놓기만 하지 않고 규정된 방식으로 안전하게 고정하고 있는가?,5,1962
제조업,건설기계를 사용하는 작업,물체에맞음,굴삭기 운전을 시작하기 전에 설비의 설치 상태와 작업장치의 연결 상태를 점검하는 절차가 있는가?,5,"2104,2136"
제조업,건설기계를 사용하는 작업,물체에맞음,작업장치의 결함이나 불완전한 체결이 발견되었을 때 즉시 관리자에게 보고하고 조치 전까지 사용을 금지하는 규정이 있는가?,5,"954,1573"
제조업,건설기계를 사용하는 작업,물체에맞음,굴삭기 버킷이 작업 중 갑자기 낙하할 수 있다는 위험성을 인식하고 작업자들이 버킷 아래에 위치하지 않도록 관리하고 있는가?,5,"1962,1964"
제조업,건설기계를 사용하는 작업,끼임,"중량물 취급 작업 시 작업자 간 신호체계가 통일되어 있으며, 모든 작업자가 이를 숙지하고 있는가?",3,"1964,1766"
제조업,건설기계를 사용하는 작업,끼임,"건설기계 운전자와 주변 작업자 간에 작업 상황에 대한 의사소통(신호, 지시)을 하면서 작업을 진행하고 있는가?",3,"1964,2275,1731"
제조업,건설기계를 사용하는 작업,끼임,건설기계를 이용하여 중량물을 이동·조작할 때 보조운반기구를 사용하고 있는가?,3,"1964,1962"
제조업,건설기계를 사용하는 작업,끼임,"건설기계 운전 시작 전에 설비의 설치 상태, 방호장치, 주요 구조부분(용접부, 볼트 등)의 균열·변형·부식·마모·탈락 등을 점검하고 있는가?",2,"2104,2136,1575"
제조업,건설기계를 사용하는 작업,끼임,건설기계 결함이 발견되었을 때 즉시 관리자에게 보고하고 조치 전까지 사용을 금지하는 규정이 마련되어 있는가?,2,"1573,1575,954"
제조업,고소작업대 사용 작업,떨어짐,고소작업대 작업발판 주변에 안전난간이 제대로 설치되어 있고 양호한 상태인가?,9,"1712,1487"
제조업,고소작업대 사용 작업,떨어짐,작업자가 안전대를 착용하고 주변 구조물 또는 생명줄에 안전대를 체결하고 있는가?,9,"1489,1486"
제조업,고소작업대 사용 작업,떨어짐,고소작업대를 상승시킨 상태에서 이동하거나 작업 중 무게중심 변화가 발생하지 않도록 관리하고 있는가?,3,"1713,1714"
제조업,고소작업대 사용 작업,떨어짐,작업자가 고소작업대 작업발판 외부로 신체를 이탈하여 작업하지 않도록 관리하고 있는가?,2,"1483,1486"
제조업,고소작업대 사용 작업,떨어짐,차량탑재형 고소작업대의 작업 구역과 이동 경로의 지반 상태를 사전에 점검하여 안전한가?,1,"1999,1962"
제조업,고소작업대 사용 작업,끼임,"고소작업대 조작스위치 및 판넬에 정지, 작동, 수동, 반자동, 자동, 역회전 등의 기능이 명확하게 표시되어 있는가?",2,"251,1712"
제조업,고소작업대 사용 작업,끼임,"생산 설비의 불시 가동을 방지하기 위해 LOTO(Lock Out, Tag Out) 제도가 시행되고 있는가?",2,"1575,1899"
제조업,고소작업대 사용 작업,끼임,고소작업대에서 작업할 때 작업자 간 의사소통 방안이 수립되어 있고 실시되고 있는가?,2,"2425,2427"
제조업,고소작업대 사용 작업,끼임,"고소작업대 운행 시 진행방향과 사각지대를 확인하기 위한 절차가 수립되어 있으며, 작업지휘자 또는 유도자가 배치되어 있는가?",1,"1964,2425"
제조업,고소작업대 사용 작업,끼임,"고소작업대에 적재된 화물의 무게가 한쪽으로 치우쳐지지 않도록 균형있게 적재되어 있으며, 화물이 고정되어 있는가?",1,"1712,2028"
제조업,고소작업대 사용 작업,깔림.뒤집힘,고소작업대/작업차량을 상승시킨 상태에서 이동하거나 작업 중 무게중심 변화를 모니터링하고 있는가?,2,1713
제조업,고소작업대 사용 작업,깔림.뒤집힘,고소작업대의 작업발판 주변 안전난간이 손상되지 않았으며 정기적으로 수리·점검되고 있는가?,2,"1712,1507"
제조업,고소작업대 사용 작업,깔림.뒤집힘,작업자가 작업발판 외부로 신체를 탈출하는 작업을 수행하지 않도록 교육 및 감시하고 있는가?,2,"1483,88"
제조업,고소작업대 사용 작업,깔림.뒤집힘,고소작업대 상승 상태에서의 이동 시 안정성을 확보하기 위한 절차 및 제한사항이 수립되어 있는가?,2,1713
제조업,고소작업대 사용 작업,깔림.뒤집힘,"작업장의 바닥이 평탄하며, 급경사, 커브, 요철, 불안정한 지반 등 위험 지형이 없는가?",1,"1979,1713"
제조업,그라인더 등 수공구를 사용하는 작업,물체에맞음,"작업자가 안면보호구(보안경, 보안면 등)를 착용하고 있는가?",2,"1463,2187,1581"
제조업,그라인더 등 수공구를 사용하는 작업,물체에맞음,수공구 사용 시 반동이나 튕겨나올 가능성에 대비한 안전조치가 있는가?,2,"1556,1560,1619"
제조업,그라인더 등 수공구를 사용하는 작업,물체에맞음,"그라인더 등 회전 공구 사용 시 적절한 보호장치(방진구, 칩 브레이커 등)가 설치되어 있는가?",2,"1602,1556,1626"
제조업,그라인더 등 수공구를 사용하는 작업,물체에맞음,"수공구 사용 전 정격하중, 사용 가능 범위 등을 확인하고 있는가?",1,"2104,2136,1848"
제조업,그라인더 등 수공구를 사용하는 작업,물체에맞음,"수공구 및 설비 사용 전 손상, 파손 여부를 점검하고 있는가?",1,"1848,2104,2136"
제조업,기계식 주차설비 정비·점검 작업,끼임,"기계식 주차설비에 대해 LOTO(Lock Out, Tag Out) 제도를 시행하고 있는가?",7,"1576,1605"
제조업,기계식 주차설비 정비·점검 작업,끼임,기계식 주차설비의 승강로 내부 구조물과 운반구 사이의 끼임 위험에 대한 근원적 방지대책을 수립하고 있는가?,6,"1721,1731"
제조업,기계식 주차설비 정비·점검 작업,끼임,기계식 주차설비의 정비·점검·보수 작업 시 작업 전에 설비의 전원을 차단하고 있는가?,5,"1575,1918"
제조업,기계식 주차설비 정비·점검 작업,끼임,기계식 주차설비 정비·점검 작업에 종사하는 모든 근로자에게 작업 절차 및 안전 교육을 실시하고 있는가?,5,"1575,1645"
제조업,기계식 주차설비 정비·점검 작업,끼임,기계식 주차설비 내부에서 작업할 때 설비를 정지시킨 상태에서만 작업하도록 규정하고 있는가?,5,"1575,1576,1605"
제조업,기계식 주차설비 정비·점검 작업,떨어짐,"기계식 주차설비의 정비·점검 작업 시 LOTO(Lock Out, Tag Out) 제도를 시행하고 있으며, 작업 중 다른 근로자가 설비를 임의로 가동하지 않도록 관리감독자의 확인 절차를 운영하고 있는가?",3,"1575,1576,1577"
제조업,기계식 주차설비 정비·점검 작업,떨어짐,"기계식 주차설비의 승강로 내부 개구부에 대한 안전 방호장치가 설치되어 있으며, 운반구와 구조물 사이의 끼임 위험을 방지하기 위한 구조적 개선이 이루어져 있는가?",3,"1487,1433,1721"
제조업,기계식 주차설비 정비·점검 작업,떨어짐,기계식 주차설비 내부에서의 정비작업 시 설비를 완전히 정지시키고 전원을 차단한 후 작업을 수행하도록 규정하고 있는가?,3,"1575,1605,1899"
제조업,기계식 주차설비 정비·점검 작업,떨어짐,"기계식 주차설비의 주요 구조부분(용접부, 볼트, 와이어로프 등)에 대해 정기적인 점검 및 예방 관리를 실시하고 있으며, 균열·변형·부식·마모·탈락 등의 결함을 조기에 발견하는 체계가 있는가?",2,"1645,1507,2104"
제조업,기계식 주차설비 정비·점검 작업,떨어짐,"기계식 주차설비의 운반구(카 파렛트, 리프트) 상부에서의 작업을 금지하고 있으며, 불가피한 경우 안전대 착용 등의 추락 방지 조치를 취하고 있는가?",2,"1721,1548,1484"
제조업,도로 청소 등 환경미화 작업,부딪힘,"작업차량의 후미부(발판, 매달린 부분)에 근로자가 탑승하지 않도록 지정된 탑승 장소(도보 또는 조수석)만 사용하도록 교육하고 있는가?",3,"1734,1721"
제조업,도로 청소 등 환경미화 작업,부딪힘,도로 작업 시 작업 구간에 대한 교통 통제 및 안전 표지판 설치 등 교통 안전 조치를 실시하고 있는가?,3,2011
제조업,도로 청소 등 환경미화 작업,부딪힘,"차량 운행 중 운전자가 차량의 진행방향, 사각지대, 주변 구조물을 확인하고 있는가?",2,"1732,1589"
제조업,도로 청소 등 환경미화 작업,부딪힘,운전자가 작업 전 충분한 휴식을 취하고 피로 상태를 확인한 후 운전 작업을 실시하고 있는가?,2,1570
제조업,도로 청소 등 환경미화 작업,부딪힘,"도로 상에서 운전 시 교통신호, 속도제한 등 교통법규를 철저히 준수하도록 교육하고 있는가?",2,"1675,1725"
제조업,도로 청소 등 환경미화 작업,끼임,"작업자 간 신호체계가 통일되어 있으며, 모든 작업자가 이를 숙지하고 있는가?",2,"1658,1964"
제조업,도로 청소 등 환경미화 작업,끼임,압착식진개차 등 적재함 기계장치 조작 시 작업 중인 다른 작업자와 사전에 의사소통하고 확인하는 절차가 있는가?,2,"1964,2275"
제조업,도로 청소 등 환경미화 작업,끼임,"적재함 커버(파카, 리드도어) 세척 및 이물질 제거 작업 시 기계장치 조작을 방지하기 위한 LOTO(잠금장치, 점검 중 꼬리표) 제도가 시행되고 있는가?",2,"1575,1562"
제조업,도로 청소 등 환경미화 작업,끼임,청소차량 작업 중 관리감독자가 작업 상황을 확인하고 안전을 감시하는 체계가 구축되어 있는가?,2,"2300,1468"
제조업,도로 청소 등 환경미화 작업,끼임,"중량물 취급 시 보조운반기구 사용에 대한 규정이 있으며, 작업자들이 이를 준수하고 있는가?",2,
제조업,도로에서의 자동차 운전,부딪힘,"운전자는 도로 운행 전 충분한 휴식을 취하고 있으며, 피로 상태에서 운전하지 않도록 관리하고 있는가?",5,1675
제조업,도로에서의 자동차 운전,부딪힘,"운전자가 도로에서 교통신호, 차선 변경, 추월 등 교통법규를 철저히 준수하도록 교육하고 점검하고 있는가?",5,"1675,1732"
제조업,도로에서의 자동차 운전,부딪힘,"이륜자동차 운전자에 대해 교통법규 준수, 안전운전 교육을 정기적으로 실시하고 있는가?",5,"1675,2514"
제조업,도로에서의 자동차 운전,부딪힘,차량 운행 중 운전자가 차량의 진행방향과 사각지대를 충분히 확인하고 있는가?,4,"1732,1704"
제조업,도로에서의 자동차 운전,부딪힘,사업장 내 차량과 보행자가 혼재하는 작업 시 작업지휘자 또는 유도자를 배치하고 있는가?,4,"1731,1732"
제조업,리프트 관련 작업,끼임,"리프트 점검 및 수리 작업 시 설비를 완전히 정지시키고 전원을 차단한 후 LOTO(Lock Out, Tag Out) 조치를 실시하고 있는가?",6,"1577,1918"
제조업,리프트 관련 작업,끼임,리프트 운반구와 승강장 사이의 협착 위험을 방지하기 위해 안전 거리 또는 방호장치가 설치되어 있는가?,5,"1721,1433"
제조업,리프트 관련 작업,끼임,리프트 작동 중 이상 발생 시 근로자가 임의로 수리하지 않고 관리감독자에게 보고하고 조치 후 작업을 재개하는 안전문화가 구축되어 있는가?,4,"156,155"
제조업,리프트 관련 작업,끼임,"리프트의 안전장치(광전자식 방호장치, 방호울 등)가 정상적으로 작동하는지 작업 전에 확인하고 있는가?",3,"2104,2136"
제조업,리프트 관련 작업,끼임,"리프트 운반구와 각 층 바닥 사이의 끼임 위험을 방지하기 위해 안전장치가 설치되어 있고, 무력화되지 않은 상태로 유지되고 있는가?",3,"1433,1721"
제조업,리프트 관련 작업,떨어짐,"리프트의 출입문(도어)이 해체되거나 제거된 상태에서 작업할 때, 해당 층의 승강로 개구부에 출입금지 표지판이나 안전 차단막이 설치되어 있는가?",6,1487
제조업,리프트 관련 작업,떨어짐,리프트의 각층 출입문에 인터록장치(도어가 열리면 운반구가 움직이지 않도록 하는 연동장치)가 정상적으로 설치되고 작동하는가?,6,1433
제조업,리프트 관련 작업,떨어짐,승강로 주변이 방호울이나 안전 울타리 등으로 완전히 밀폐되어 있어 작업자가 실수로 개구부에 접근할 수 없도록 되어 있는가?,6,1487
제조업,리프트 관련 작업,떨어짐,"리프트의 와이어로프, 체인, 용접부, 볼트 등 주요 구조부분에 대해 정기적인 점검 및 유지보수 계획이 수립되어 있고 실행되고 있는가?",6,1507
제조업,리프트 관련 작업,떨어짐,"리프트의 정기 점검 기록이 체계적으로 관리되고 있으며, 점검 결과에 따른 보수 이력이 남아있는가?",6,"1847,2309"
제조업,리프트 관련 작업,깔림.뒤집힘,"리프트 정비·수리 작업 중 LOTO(Lock Out, Tag Out) 제도를 시행하여 불시 가동을 방지하고 있는가?",2,"1899,1575,1577"
제조업,리프트 관련 작업,깔림.뒤집힘,리프트 정비·수리 작업 중 작업자 외 근로자가 설비를 가동하지 않도록 통제하는 절차와 책임자 확인 체계가 있는가?,2,"1645,1575,2425"
제조업,리프트 관련 작업,깔림.뒤집힘,리프트 하부 작업 시 관리감독자가 현장에서 작업 상황을 확인하고 감시하는 의무를 부여하고 있는가?,2,"1468,2425,1645"
제조업,리프트 관련 작업,깔림.뒤집힘,리프트 하부에서 작업할 때 작업 구간을 격리하고 '점검 중' 표지판을 부착하여 다른 근로자의 접근을 차단하고 있는가?,2,"1563,1899,1575"
제조업,리프트 관련 작업,깔림.뒤집힘,"리프트 하부에서 작업할 때 안전블록, 지지대, 방망 또는 울 등의 낙하방지 장치가 설치되어 있는가?",1,"2055,2054,1643"
제조업,벌목·조재 작업,물체에맞음,벌목 작업 시 작업자들 간에 충분한 안전거리(최소 2배 이상의 나무 높이)를 확보하고 있는가?,14,2044
제조업,벌목·조재 작업,물체에맞음,두 명 이상의 작업자가 동시에 같은 구역에서 벌목 작업을 하지 않도록 관리하고 있는가?,14,"2039,2044"
제조업,벌목·조재 작업,물체에맞음,벌목 작업 전에 대피장소를 사전에 정하고 작업자들에게 공지하고 있는가?,10,2044
제조업,벌목·조재 작업,물체에맞음,"벌도목이 주변 장애물(다른 나무, 바위 등)에 걸려있지 않은지 확인하고 벌목을 진행하고 있는가?",9,2044
제조업,벌목·조재 작업,물체에맞음,벌도목이 의도하지 않은 방향으로 쓰러질 가능성을 사전에 판단하고 작업 계획을 수립하고 있는가?,9,2044
제조업,벌목·조재 작업,깔림.뒤집힘,"벌목 작업 시 작업자 간 충분한 안전거리(벌도목 길이의 1.5배 이상)를 확보하고 있으며, 동시 작업을 금지하고 있는가?",8,2044
제조업,벌목·조재 작업,깔림.뒤집힘,"벌목 작업자가 안면 및 머리 보호를 위해 안전모를 착용하고 있으며, 추가 보호장비(페이스 쉴드 등)를 사용하고 있는가?",8,2045
제조업,벌목·조재 작업,깔림.뒤집힘,벌목 작업 전에 작업자가 대피할 안전한 장소를 사전에 지정하고 작업팀 전원이 이를 숙지하고 있는가?,7,2044
제조업,벌목·조재 작업,깔림.뒤집힘,"벌목 작업 중 벌도목이 주변 장애물(인접목, 수관 등)에 걸릴 가능성을 사전에 파악하고, 이를 고려한 벌목 방향을 계획하고 있는가?",7,2044
제조업,벌목·조재 작업,깔림.뒤집힘,"벌목 작업 중 벌도목이 의도하지 않은 방향으로 쓰러질 경우를 대비하여, 작업자가 항상 안전한 대피 경로를 확보하고 있는가?",7,2044
제조업,벌목·조재 작업,절단베임찔림,벌목·조재 작업 전에 주변 나무에 걸려있는 나무나 덩굴을 확인하고 제거했는가?,3,2044
제조업,벌목·조재 작업,절단베임찔림,작업자가 벌도목이나 조재목으로부터 충분한 안전거리(최소 나무 높이 이상)를 확보하고 있는가?,3,2044
제조업,벌목·조재 작업,절단베임찔림,벌목·조재 작업 시 여러 작업자가 동시에 같은 구역에서 작업하지 않도록 관리하고 있는가?,3,"2039,2044"
제조업,벌목·조재 작업,절단베임찔림,"기계톱의 안전장치(체인 브레이크, 킥백 방지장치 등)가 정상 작동하는지 정기적으로 점검하고 있는가?",2,"1600,1599,1592"
제조업,벌목·조재 작업,절단베임찔림,기계톱의 안전장치를 해제하거나 무력화하여 사용하는 경우가 없는지 감시·감독하고 있는가?,2,"1599,1600,1592"
제조업,비정형 작업(시운전),끼임,"시운전 작업 시 설비의 전원을 완전히 차단하고 LOTO(Lock Out, Tag Out) 절차를 적용하고 있는가?",9,"1918,1605,1575"
제조업,비정형 작업(시운전),끼임,끼임 위험이 있는 설비를 목록화하고 LOTO 대상으로 확정하여 시행하고 있는가?,8,"1476,1559,1738"
제조업,비정형 작업(시운전),끼임,시운전 작업 절차를 문서화하고 관련 근로자에게 교육을 실시하고 있는가?,8,"1675,1575,83"
제조업,비정형 작업(시운전),끼임,"회전 부위, 롤러, 드럼 등 끼임 위험 부위에 대한 방호장치가 설치되어 있고 정상 작동하는가?",8,"1556,1624,1628"
제조업,비정형 작업(시운전),끼임,"설비 가동 중 이물질 제거, 제품 확인, 조정 등의 작업이 필요한 경우 근원적 접근방지대책을 수립하고 있는가?",6,"1562,1561,1718"
제조업,비정형 작업(이물질 제거·청소),끼임,끼임 위험이 있는 설비에 대해 LOTO 대상 목록을 작성하고 실제로 시행하고 있는가?,9,"1562,1561,1579"
제조업,비정형 작업(이물질 제거·청소),끼임,"비정형 작업(이물질 제거, 청소 등)을 수행할 때 해당 설비의 전원을 차단하고 LOTO(Lock Out, Tag Out) 조치를 실시하고 있는가?",8,"1562,1579,93"
제조업,비정형 작업(이물질 제거·청소),끼임,설비 가동 중 이물질 제거 등이 발생할 수 있는 생산작업을 분석하고 근원적 접근방지대책을 수립했는가?,8,"1562,1561,2132"
제조업,비정형 작업(이물질 제거·청소),끼임,정비·보수·청소 작업 절차에 대해 근로자 교육을 정기적으로 실시하고 있는가?,8,"82,2405,1420"
제조업,비정형 작업(이물질 제거·청소),끼임,"설비 가동 중 이물질 제거 작업이 필요한 경우, 설비를 반드시 정지시킨 후 작업하도록 규정하고 있는가?",8,"1579,1562,2198"
제조업,비정형 작업(이물질 제거·청소),절단베임찔림,"비정형 작업(이물질 제거, 청소, 정비, 보수)을 수행하기 전에 해당 설비의 전원을 완전히 차단하고 있는가?",6,"2406,1579"
제조업,비정형 작업(이물질 제거·청소),절단베임찔림,"끼임 위험이 있는 설비(컨베이어, 칠러, 절단기, 자동투입설비 등)에 대해 LOTO(Lock Out, Tag Out) 대상을 확정하고 시행하고 있는가?",6,"1562,1559"
제조업,비정형 작업(이물질 제거·청소),절단베임찔림,설비 가동 중 이물질 제거 등이 발생할 수 있는 생산작업을 분석하여 근원적 접근방지대책을 수립하고 있는가?,6,"1562,2132"
제조업,비정형 작업(이물질 제거·청소),절단베임찔림,"비정형 작업(이물질 제거, 청소 등)의 작업 절차에 대해 근로자 교육을 정기적으로 실시하고 있는가?",6,"83,1215"
제조업,비정형 작업(이물질 제거·청소),절단베임찔림,"회전 부위(롤러, 스크류, 칼날 등)가 있는 설비에 대해 끼임 위험 평가를 실시하고 있는가?",5,"1560,1556,1562"
제조업,비정형 작업(이물질 제거·청소),떨어짐,"끼임 위험이 있는 설비에 대해 LOTO(Lock Out, Tag Out) 제도를 시행하고 있는가?",4,"1559,1632"
제조업,비정형 작업(이물질 제거·청소),떨어짐,고소 작업(2.6m 이상)에서 안전난간이 설치된 작업발판을 사용하고 있는가?,2,"1504,1712"
제조업,비정형 작업(이물질 제거·청소),떨어짐,3.5m 미만의 고소작업에서 A자형 사다리를 사용할 때 2인1조로 관리하고 있는가?,2,"1450,1486"
제조업,비정형 작업(이물질 제거·청소),떨어짐,고소작업 시 안전대 및 안전모를 지급하고 근로자가 착용하는지 관리감독자가 확인하고 있는가?,2,"1462,1715"
제조업,비정형 작업(이물질 제거·청소),떨어짐,설비 정비·보수·청소 작업 시 설비를 완전히 정지시키고 전원을 차단하고 있는가?,2,"1575,1579"
제조업,비정형 작업(점검),떨어짐,"2m 이상의 높이에서 점검작업을 수행할 때, 안전난간이 설치된 작업발판을 사용하고 있는가?",8,"1950,1486,1504"
제조업,비정형 작업(점검),떨어짐,"3.5m 이상의 고소작업 시 고소작업대를 사용하거나, 3.5m 미만일 경우 A자형 사다리를 2인1조로 관리하고 있는가?",8,"1450,1713,1712"
제조업,비정형 작업(점검),떨어짐,고소 점검작업 시 안전대 및 안전모를 지급하고 착용 여부를 관리감독자가 확인하고 있는가?,8,"1462,1464,1469"
제조업,비정형 작업(점검),떨어짐,"불안정한 구조물(파손된 발판, 슬레이트 지붕 등) 위에서 점검작업을 수행하고 있지는 않은가?",8,"1969,1487,1491"
제조업,비정형 작업(점검),떨어짐,점검작업 시 균형을 잃기 쉬운 불안한 자세로 작업하고 있지는 않은가?,8,"1713,1486,1692"
제조업,비정형 작업(점검),끼임,"점검·정비 작업 중인 설비에 대해 LOTO(Lock Out, Tag Out) 제도를 시행하고 있는가?",6,"1577,1575"
제조업,비정형 작업(점검),끼임,설비 점검·정비 작업 중 작업자 외 다른 근로자가 설비를 무단으로 가동하지 않도록 관리감독자의 확인 의무를 부여하고 있는가?,5,"1577,1575,1468"
제조업,비정형 작업(점검),끼임,설비 내부 점검 작업 시 설비의 전원을 완전히 차단하고 있는가?,5,"1575,1579"
제조업,비정형 작업(점검),끼임,설비 내부로 신체를 진입시켜 점검할 때 설비가 완전히 정지된 상태임을 확인하고 있는가?,5,"2098,2422"
제조업,비정형 작업(점검),끼임,설비 작동 범위 내에서 점검 작업을 수행할 때 안전거리를 확보하고 있는가?,4,"1575,2422"
제조업,비정형 작업(점검),절단베임찔림,설비 정비·보수·점검 작업 시 사전에 설비를 완전히 정지시키고 전원을 차단하는 절차를 수립하고 실행하고 있는가?,2,"2104,2136,1580"
제조업,비정형 작업(점검),절단베임찔림,"LOTO(Lock Out, Tag Out) 제도를 도입하여 끼임 위험이 있는 설비를 목록화하고 시행하고 있는가?",2,"1559,1562,1584"
제조업,비정형 작업(점검),절단베임찔림,"설비 가동 중 이물질 제거, 주유, 점검 등의 작업이 필요한 경우 근원적인 방지대책을 수립하고 있는가?",2,"1562,1561,87"
제조업,비정형 작업(점검),절단베임찔림,설비 점검·정비 작업에 대한 절차와 안전수칙을 근로자에게 교육하고 있는가?,2,"1575,1645,1113"
제조업,비정형 작업(점검),절단베임찔림,"설비의 안전장치(방호장치, 광전자식 방호장치 등)가 정상 작동하는지 작업 전에 확인하고 있는가?",1,"2136,2104,1847"
제조업,비정형 작업(정비·보수),끼임,"끼임 위험이 있는 설비에 대해 LOTO(Lock Out, Tag Out) 제도를 시행하고 있는가?",12,"1559,1632"
제조업,비정형 작업(정비·보수),끼임,정비·보수·청소 작업 시 해당 설비의 전원을 완전히 차단하고 있는가?,7,"1918,1899,1579"
제조업,비정형 작업(정비·보수),끼임,끼임 위험이 있는 설비 목록을 작성하고 정기적으로 검토·업데이트하고 있는가?,7,"1473,106"
제조업,비정형 작업(정비·보수),끼임,정비·보수 작업 절차에 대해 근로자 교육을 정기적으로 실시하고 있는가?,7,"82,83,846"
제조업,비정형 작업(정비·보수),끼임,정비작업 전에 회전·구동 부위의 움직임을 완전히 정지시키고 확인하고 있는가?,6,"1568,1608,2057"
제조업,비정형 작업(정비·보수),떨어짐,고소작업 시 모든 근로자에게 안전대 및 안전모를 지급하고 착용을 확인하고 있는가?,5,"1462,2428,1486"
제조업,비정형 작업(정비·보수),떨어짐,"설비 구조물(파렛트, 굴삭기 버킷, 컨베이어 벨트 등) 위에서 작업할 때 안전난간이 설치되어 있는가?",5,"1487,1489,1712"
제조업,비정형 작업(정비·보수),떨어짐,"정비·보수 작업 시 작업자가 불안정한 자세(한 발로 서기, 몸을 굽히기 등)로 작업하지 않도록 관리감독하고 있는가?",5,"1577,1575,1486"
제조업,비정형 작업(정비·보수),떨어짐,3.5m 이상의 높이에서 작업할 때 안전난간이 설치된 작업발판을 사용하고 있는가?,4,"1487,1491,1712"
제조업,비정형 작업(정비·보수),떨어짐,"고소작업(3.5m 이상)에서 고소작업대를 사용하거나, 3.5m 미만일 경우 A자형 사다리를 2인1조로 관리하고 있는가?",4,"1450,1712,1950"
제조업,비정형 작업(정비·보수),깔림.뒤집힘,"중량물을 들어올린 상태에서 정비·보수 작업을 할 때, 안전블록이나 지지대를 설치하고 있는가?",5,"1562,1950"
제조업,비정형 작업(정비·보수),깔림.뒤집힘,중량물 하부에서 작업할 때 낙하물 방지를 위한 방망이나 울을 설치하고 있는가?,5,"2055,1950"
제조업,비정형 작업(정비·보수),깔림.뒤집힘,"덤프트럭, 지게차, 로더 등 상향 기능이 있는 장비 정비 시 적재함이나 버킷을 고정하는 조치를 취하고 있는가?",4,"1733,1697,1721"
제조업,비정형 작업(정비·보수),깔림.뒤집힘,중량물 하부 작업 시 중량물을 제거하거나 안전한 위치로 변경하는 근본적인 대책을 우선적으로 검토하고 있는가?,3,"1969,1562"
제조업,비정형 작업(정비·보수),깔림.뒤집힘,유압장치나 유압호스 정비 작업 시 유압 손실로 인한 갑작스러운 하강에 대비한 안전조치를 취하고 있는가?,2,
제조업,사다리를 이용한 작업 또는 통행,떨어짐,사다리 사용 시 2인1조로 작업하도록 규정하고 있는가?,12,"1450,1486"
제조업,사다리를 이용한 작업 또는 통행,떨어짐,A형 사다리 사용 시 아웃트리거를 항상 설치하도록 규정하고 있는가?,12,"1450,1451"
제조업,사다리를 이용한 작업 또는 통행,떨어짐,"사다리 사용 시 안전모, 안전대 등 개인보호구 착용을 의무화하고 있는가?",12,"1489,1486"
제조업,사다리를 이용한 작업 또는 통행,떨어짐,3.5m 미만의 작업에서 A형 사다리만 사용하도록 규정하고 있는가?,11,1450
제조업,사다리를 이용한 작업 또는 통행,떨어짐,사다리 위에서 작업할 때 균형을 잃지 않도록 안전교육을 실시하고 있는가?,9,"1486,1489"
제조업,사다리를 이용한 작업 또는 통행,넘어짐,사용 중인 사다리가 A형(A자형)인가? 일자형 사다리를 사용하고 있다면 3.5m 이상의 높이 작업은 아닌가?,4,1450
제조업,사다리를 이용한 작업 또는 통행,넘어짐,"사다리 위에서 작업할 때 2인1조로 진행하고 있으며, 한 명이 사다리를 안정적으로 지탱하고 있는가?",3,"1450,1486"
제조업,사다리를 이용한 작업 또는 통행,넘어짐,"사다리에 아웃트리거(안정화 장치)가 설치되어 있으며, 제대로 작동하고 있는가?",3,"1450,1513"
제조업,사다리를 이용한 작업 또는 통행,넘어짐,사다리 위에서 작업하는 모든 근로자가 안전모를 착용하고 있는가?,3,"1581,1462"
제조업,사다리를 이용한 작업 또는 통행,넘어짐,사다리 위에서 작업하는 근로자가 안전대(안전벨트)를 착용하고 있는가?,3,"1486,1489,2428"
제조업,사다리차(이삿짐 운반용 차량) 사용 작업,떨어짐,사다리차 운반구 탑승 시 작업자의 안전대(안전띠) 착용을 의무화하고 있는가?,3,"1673,1721"
제조업,사다리차(이삿짐 운반용 차량) 사용 작업,떨어짐,"사다리차 운반구 주변의 바닥 상태를 정기적으로 점검하여 요철부, 이물질 등을 제거하고 있는가?",2,"1713,1712"
제조업,사다리차(이삿짐 운반용 차량) 사용 작업,떨어짐,사다리차 운반구의 폭과 안정성이 충분하여 작업자가 안전하게 탑승할 수 있도록 설계되어 있는가?,2,"1673,1721"
제조업,사다리차(이삿짐 운반용 차량) 사용 작업,떨어짐,"사다리차의 주요 구조부분(용접부, 볼트, 레일 등)에 대한 정기적인 점검 및 유지관리 계획을 수립하고 실행하고 있는가?",1,"1712,1713"
제조업,사다리차(이삿짐 운반용 차량) 사용 작업,떨어짐,"사다리차 운반구의 균열, 변형, 부식, 마모, 탈락 등의 결함 여부를 정기적으로 검사하고 있는가?",1,"1609,1673"
제조업,상하차 작업 또는 적재된 화물,떨어짐,"화물자동차 적재함 위에서 작업할 때 안전대 걸이설비가 설치되어 있고, 근로자가 안전대를 착용하고 있는가?",11,"1489,1721"
제조업,상하차 작업 또는 적재된 화물,떨어짐,"적재함에 오르내리기 위한 사다리, 발판 등의 안전한 설비가 설치되어 있는가?",11,"1487,1454"
제조업,상하차 작업 또는 적재된 화물,떨어짐,적재함 위에서 작업하는 근로자가 안전모를 포함한 개인보호구를 착용하고 있는가?,11,"1581,1462"
제조업,상하차 작업 또는 적재된 화물,떨어짐,"적재함 위에서 작업할 때 작업자의 균형을 잃을 수 있는 상황(불안정한 화물, 미끄러운 바닥 등)이 없는가?",11,"1486,1487"
제조업,상하차 작업 또는 적재된 화물,떨어짐,"적재함 위에서의 작업이 반드시 필요한 경우인지 검토하고, 가능하면 지게차나 크레인 등 기계장비를 이용하고 있는가?",11,"1712,1656"
제조업,상하차 작업 또는 적재된 화물,무너짐,중량물 적재 작업 시 작업자가 적재물 아래 또는 근처에서 작업하고 있지는 않은가?,13,"1656,1969"
제조업,상하차 작업 또는 적재된 화물,무너짐,적재된 화물의 무게가 한쪽으로 치우쳐져 있거나 불균형 상태로 적재되어 있지는 않은가?,10,"1733,1697"
제조업,상하차 작업 또는 적재된 화물,무너짐,"적재된 화물을 고정하기 위한 밴드, 로프, 또는 고정장치가 제대로 설치되어 있는가?",10,"2042,1687"
제조업,상하차 작업 또는 적재된 화물,무너짐,"적재 작업 전에 적재물의 무게, 형태, 크기 등을 파악하고 적절한 적재 방법을 계획하고 있는가?",10,1969
제조업,상하차 작업 또는 적재된 화물,무너짐,적재물의 높이가 안전한 수준(3단 이상 고적재)으로 제한되어 있는가?,8,"2028,1707"
제조업,상하차 작업 또는 적재된 화물,깔림.뒤집힘,"중량물 제거 작업 전에 적재물의 상태를 점검하고, 필요시 사전에 중량물을 제거하는 절차가 있는가?",7,"1969,2055"
제조업,상하차 작업 또는 적재된 화물,깔림.뒤집힘,적재된 화물의 무게가 한쪽으로 치우쳐져 있거나 불균형 상태로 적재되어 있지는 않은가?,6,"1733,1697"
제조업,상하차 작업 또는 적재된 화물,깔림.뒤집힘,"중량물이 안정적으로 지지되고 있으며, 필요시 지지대가 설치되어 있는가?",6,"1950,1733"
제조업,상하차 작업 또는 적재된 화물,깔림.뒤집힘,"적재된 화물이 고정되어 있으며, 운반 중 이동이나 전도를 방지하기 위한 조치가 되어 있는가?",6,"1721,1674,2055"
제조업,상하차 작업 또는 적재된 화물,깔림.뒤집힘,"작업자가 적재물 주변에서 작업할 때 안전거리를 확보하고 있으며, 적재물의 움직임을 인지할 수 있는가?",2,"1656,1964,2494"
제조업,"설비 위, 지붕 등 높은 장소에서의 작업",떨어짐,"지붕이나 높은 장소에서의 작업 시 작업발판이 설치되어 있고, 안전난간이 함께 구비되어 있는가?",8,"1491,1487,1489"
제조업,"설비 위, 지붕 등 높은 장소에서의 작업",떨어짐,높이 있는 장소에서의 모든 작업자에게 안전모를 지급하고 착용을 확인하고 있는가?,8,"1462,1491,1487"
제조업,"설비 위, 지붕 등 높은 장소에서의 작업",떨어짐,"작업장의 3.5m 이상 높이에서 작업할 때 안전난간이 설치되어 있고, 그 상태가 양호한가?",7,"1487,1491,1495"
제조업,"설비 위, 지붕 등 높은 장소에서의 작업",떨어짐,높이 3.5m 미만의 작업에서 A자형 사다리를 사용할 때 2인 1조로 관리하고 있는가?,7,"1450,1486,1489"
제조업,"설비 위, 지붕 등 높은 장소에서의 작업",떨어짐,고소작업이 필요한 경우 고소작업대 사용을 우선적으로 검토하고 있는가?,7,"1712,1713,1486"
제조업,"설비 위, 지붕 등 높은 장소에서의 작업",절단베임찔림,"높은 장소에서의 작업 시 작업자가 밟고 있는 구조물(발판, 지붕, 비계 등)의 안정성과 하중 지지 능력을 사전에 점검하고 있는가?",7,"1491,1487,1486"
제조업,"설비 위, 지붕 등 높은 장소에서의 작업",절단베임찔림,지붕이나 높은 장소에서의 작업 시 안전난간이 설치된 작업발판을 사용하고 있는가?,7,"1491,1487,1712"
제조업,"설비 위, 지붕 등 높은 장소에서의 작업",절단베임찔림,"3.5m 이상의 높이에서 작업할 때 고소작업대를 사용하거나, 3.5m 미만일 경우 A자형 사다리를 2인1조로 관리하고 있는가?",7,"1712,1450,1486"
제조업,"설비 위, 지붕 등 높은 장소에서의 작업",절단베임찔림,높은 장소에서의 모든 작업자에게 안전대 및 안전모를 지급하고 착용을 확인하고 있는가?,7,"1462,1489,1715"
제조업,"설비 위, 지붕 등 높은 장소에서의 작업",절단베임찔림,"높은 장소에서의 작업 시 관리감독자가 작업자의 안전대 착용, 작업발판 사용 등을 지속적으로 확인하고 있는가?",7,"1678,1715,1712"
제조업,"설비 위, 지붕 등 높은 장소에서의 작업",무너짐,"높은 장소에서의 작업 시 작업자가 밟고 있는 구조물(지붕, 천장, 비계 등)의 내구성과 안전성을 사전에 점검하고 있는가?",3,"1491,1499,1969"
제조업,"설비 위, 지붕 등 높은 장소에서의 작업",무너짐,3.5m 이상의 높이에서 작업할 때 안전난간이 설치된 작업발판을 사용하고 있는가?,3,"1487,1491,1712"
제조업,"설비 위, 지붕 등 높은 장소에서의 작업",무너짐,3.5m 미만의 높이에서 작업할 때 A자형 사다리를 사용하고 2인1조로 관리하고 있는가?,3,"1450,1486,1491"
제조업,"설비 위, 지붕 등 높은 장소에서의 작업",무너짐,높은 장소에서 작업하는 모든 근로자에게 안전대와 안전모를 지급하고 착용을 확인하고 있는가?,3,"1462,1486,1518"
제조업,"설비 위, 지붕 등 높은 장소에서의 작업",무너짐,높은 장소에서의 작업 시 관리감독자가 현장에서 안전 수칙 준수 여부를 지속적으로 확인하고 있는가?,3,"1518,1715,2422"
제조업,용접·절단·사상 또는 도장 작업,폭발파열,취급하는 위험물질에 대한 MSDS를 비치하고 근로자에게 교육했는가?,9,"1215,84"
제조업,용접·절단·사상 또는 도장 작업,폭발파열,공급원재료의 종류와 공급되는 설비명을 명확히 표시하여 근로자가 위험물질을 파악할 수 있도록 했는가?,9,1822
제조업,용접·절단·사상 또는 도장 작업,폭발파열,용접·절단 작업 구역에 가스검지 및 경보장치를 설치하여 위험가스 누출을 감지할 수 있도록 했는가?,9,"1785,2435"
제조업,용접·절단·사상 또는 도장 작업,폭발파열,용접·절단 작업 중 발생한 화재·폭발 시 긴급 대응을 위한 긴급차단장치와 방유제가 설치되어 있는가?,9,"1844,1788"
제조업,용접·절단·사상 또는 도장 작업,폭발파열,"폐기물, 폐드럼, 폐탱크 등 재사용 설비의 용접·절단 작업 시 이전에 어떤 물질이 들어있었는지 파악하고 완전히 제거했는가?",6,
제조업,용접·절단·사상 또는 도장 작업,화재,용접·절단 작업 시 발생하는 불티의 비산 반경을 분석하고 문서화하였는가?,10,1795
제조업,용접·절단·사상 또는 도장 작업,화재,"용접·절단 작업 구역 내 가연물(적재물, 인화성 물질, 의류 등)에 용접방화포를 설치하였는가?",10,"1983,1804"
제조업,용접·절단·사상 또는 도장 작업,화재,용접·절단 작업 시 불티 비산을 방지하기 위한 덮개나 차단장치를 설치하였는가?,10,"1789,1788"
제조업,용접·절단·사상 또는 도장 작업,화재,용접·절단 작업 전에 작업 구역 내 모든 인화성 물질과 가연물을 제거하거나 격리하는 절차가 있는가?,10,"1983,1982"
제조업,용접·절단·사상 또는 도장 작업,화재,"작업자의 의복(에어재킷, 방진복 등)이 불티로부터 보호되도록 난연성 의류를 착용하도록 지정하였는가?",5,"1816,1581"
제조업,용접·절단·사상 또는 도장 작업,깔림.뒤집힘,중량물 작업 시 작업자가 물체 아래 또는 근처에 위치하지 않도록 안전거리를 확보하고 있는가?,11,"1692,1969"
제조업,용접·절단·사상 또는 도장 작업,깔림.뒤집힘,"중량물(용접구조물, H빔, 블록 부재 등)을 이동하거나 작업할 때 안정적인 지지대를 설치하고 있는가?",8,"1969,2028"
제조업,용접·절단·사상 또는 도장 작업,깔림.뒤집힘,용접·절단 작업 중 작업 대상물의 안정성이 확보될 때까지 작업자가 그 아래에서 작업하지 않도록 하고 있는가?,6,"1486,1950"
제조업,용접·절단·사상 또는 도장 작업,깔림.뒤집힘,"가용접된 중량물의 안정성을 확인하고, 넘어질 위험이 없도록 추가 지지 또는 고정 조치를 하고 있는가?",4,"1969,1943"
제조업,용접·절단·사상 또는 도장 작업,깔림.뒤집힘,"도장, 용단, 가우징 등 작업 중 작업 대상물이 떨어지거나 넘어질 수 있는 상황을 사전에 예측하고 방지 조치를 하고 있는가?",4,"1692,1969,113"
제조업,용해로를 이용한 작업,폭발파열,"용해로에 투입하는 모든 원재료에 대해 수분(물기, 습기)이 제거되었는지 확인하는 절차가 수립되어 있는가?",6,"1809,1811,1812"
제조업,용해로를 이용한 작업,폭발파열,"원재료 보관장소에서 지하수, 빗물, 냉각수 등이 유입되지 않도록 방지조치가 실시되고 있는가?",6,"1809,1812,1811"
제조업,용해로를 이용한 작업,폭발파열,"용해로 작업 시 방열복, 안면보호구 등 화상 방지 보호구가 지급되고 근로자가 항상 착용하고 있는가?",6,"1462,32,94"
제조업,용해로를 이용한 작업,폭발파열,용해로 내부의 냉각수 누출을 감지하고 차단할 수 있는 장치가 설치되어 있는가?,6,"1809,1823,1853"
제조업,용해로를 이용한 작업,폭발파열,용해로 작업 중 수증기 폭발 위험성에 대한 근로자 안전교육이 정기적으로 실시되고 있는가?,6,"1809,1828,1500"
제조업,원료 투입 작업,끼임,"분쇄기, 혼합기, 압출기, 컨베이어 등 회전 구동부에 광전자식 또는 양수조작식 방호장치가 설치되어 있는가?",10,"1562,1556,251"
제조업,원료 투입 작업,끼임,"원료 투입 작업 시 손이나 신체 일부를 직접 사용하지 않고 별도의 수공구(주걱, 투입봉 등)를 사용하고 있는가?",9,"1563,1616"
제조업,원료 투입 작업,끼임,"재료 투입용 보조기구(투입봉, 주걱 등)가 구비되어 있고 정상 상태로 관리되고 있는가?",9,"1629,1562"
제조업,원료 투입 작업,끼임,원료 투입 작업자에게 설비의 구동부에 근접하지 않는 안전작업 방법에 대한 정기적인 교육을 실시하고 있는가?,9,"1616,1575"
제조업,원료 투입 작업,끼임,"투입구 내부의 스크류, 칼날, 롤러 등 회전 구동부가 노출되어 있지 않도록 덮개나 가드가 설치되어 있는가?",9,"1556,1560,1602"
제조업,원료 투입 작업,떨어짐,원료 투입 작업 시 별도의 수공구(투입용 보조기구) 없이 손이나 신체로 직접 설비에 접근하는 경우가 있는가?,2,"1616,1563"
제조업,원료 투입 작업,떨어짐,"원료 투입 작업 중 작업자가 설비의 구동부(회전부, 절단부 등)에 근접하여 작업하고 있는가?",2,"1563,1562"
제조업,원료 투입 작업,떨어짐,"원료 투입 작업 시 광전자식, 양수조작식 등의 방호장치가 설치되어 있고 정상 작동하는가?",2,"1616,1853"
제조업,원료 투입 작업,떨어짐,"원료 투입용 보조기구(쇠막대기, 투입도구 등)가 구비되어 있고 정상 상태로 관리되고 있는가?",2,"2018,2104"
제조업,원료 투입 작업,떨어짐,"원료 투입 작업 시 작업자가 불안한 자세(한 발로 서기, 몸의 중심을 잃기 쉬운 자세)로 작업하지 않도록 지도·감독하고 있는가?",2,"1486,1487,1489"
제조업,위험물질 취급 또는 그 장소에서 수행하는 작업,폭발파열,"인화성 물질을 취급하는 작업장에 가스검지 및 경보장치, 긴급차단장치, 방유제 등 안전장치를 설치하고 정상 작동 여부를 확인하고 있는가?",9,"1974,1975,1976"
제조업,위험물질 취급 또는 그 장소에서 수행하는 작업,폭발파열,위험물질을 취급하는 모든 작업장에 MSDS(안전보건자료)를 비치하고 근로자에게 정기적인 교육을 실시하고 있는가?,8,"1215,82,83"
제조업,위험물질 취급 또는 그 장소에서 수행하는 작업,폭발파열,위험물질을 취급하는 설비 및 배관에 취급 물질의 종류와 공급되는 설비명을 명확하게 표시하고 있는가?,8,"1822,2073,1500"
제조업,위험물질 취급 또는 그 장소에서 수행하는 작업,폭발파열,"위험물질이 포함된 용기, 반응기, 배관 등의 내부 작업 전에 위험물질의 존재 여부를 확인하고 안전한 상태로 만들기 위한 사전 조치를 취하고 있는가?",7,"1607,2030,1772"
제조업,위험물질 취급 또는 그 장소에서 수행하는 작업,폭발파열,위험물질을 취급하는 설비의 정비·보수 작업 시 작업 전에 설비 내부의 위험물질 존재 여부를 파악하고 제거하는 절차를 수립하여 운영하고 있는가?,6,"1848,2136,2104"
제조업,위험물질 취급 또는 그 장소에서 수행하는 작업,화재,"작업장에서 취급하는 인화성물질(휘발유, 에틸알코올, 톨루엔, 메탄올, 알코올 등)의 종류와 특성을 모든 근로자가 숙지하고 있는가?",12,"2120,2121"
제조업,위험물질 취급 또는 그 장소에서 수행하는 작업,화재,"인화성물질을 취급하는 작업장 주변에서 용접, 사상작업, 그라인딩 등 점화원이 될 수 있는 작업이 금지되어 있는가?",12,"1789,1983,1984"
제조업,위험물질 취급 또는 그 장소에서 수행하는 작업,화재,인화성물질을 취급하는 작업장에서 정전기 발생을 방지하기 위한 접지(그라운딩) 장치가 설치되어 있고 정기적으로 점검되고 있는가?,4,"1781,1780"
제조업,위험물질 취급 또는 그 장소에서 수행하는 작업,화재,"인화성물질을 취급하는 밀폐된 공간(도금조, 교반기, 반응기 등)에서 작업할 때 산소 농도 측정 및 환기 조치가 이루어지고 있는가?",3,"1781,1975,1982"
제조업,위험물질 취급 또는 그 장소에서 수행하는 작업,화재,"인화성물질 취급 작업장에서 라이터, 담배, 용접기 등 관리되지 않는 점화원이 없는지 정기적으로 확인하고 있는가?",2,"1804,1849,1985"
제조업,위험물질 취급 또는 그 장소에서 수행하는 작업,화학물질누출접촉,"사업장에서 취급하는 모든 화학물질(황산, 염소, HCFC-123 등)에 대한 MSDS(물질안전보건자료)가 작업장에 비치되어 있고, 근로자들이 이에 대해 교육받았는가?",8,"2121,1215"
제조업,위험물질 취급 또는 그 장소에서 수행하는 작업,화학물질누출접촉,"탱크로리, 배관, 호스 등 위험물질 취급 설비에 공급되는 원재료의 종류와 설비명이 명확하게 표시되어 있는가?",8,1822
제조업,위험물질 취급 또는 그 장소에서 수행하는 작업,화학물질누출접촉,"배관, 호스, 용기 등에서 화학물질이 누출될 경우를 대비하여 긴급차단장치와 방유제가 설치되어 있는가?",5,1772
제조업,위험물질 취급 또는 그 장소에서 수행하는 작업,화학물질누출접촉,"황산, 수산화나트륨 등 부식성 화학물질을 취급할 때 근로자가 적절한 개인보호장비(보안경, 보호복, 장갑 등)를 착용하고 있는가?",5,"2128,2162"
제조업,위험물질 취급 또는 그 장소에서 수행하는 작업,화학물질누출접촉,"유해가스(염소, 오존 등) 또는 화학물질 누출 감지를 위한 가스검지 및 경보장치가 설치되어 있고 정상 작동하는가?",4,2435
제조업,"이동식 크레인(카고 크레인, 집게차)을 사용한 작업",떨어짐,"이동식 크레인에 작업대, 탑승대 등을 임의로 부착하거나 구조를 변경하여 사용하고 있지는 않은가?",3,"1545,1734,1721"
제조업,"이동식 크레인(카고 크레인, 집게차)을 사용한 작업",떨어짐,"고소작업이 필요한 경우 기준에 적합한 고소작업대(리프트, 스카이카 등)를 사용하고 있는가?",3,"1712,1713,1721"
제조업,"이동식 크레인(카고 크레인, 집게차)을 사용한 작업",떨어짐,"이동식 크레인 작업 시 작업대에 탑승한 근로자가 안전대, 안전모 등 개인보호장비를 착용하고 있는가?",3,"2428,1734,1545"
제조업,"이동식 크레인(카고 크레인, 집게차)을 사용한 작업",떨어짐,"줄걸이 기구(슬링벨트, 체인, 와이어로프, 리프팅 러그 등)의 용접부, 훅, 샤클 등이 손상, 마모, 변형되지 않았는지 정기적으로 점검하고 있는가?",2,"1687,2042,1645"
제조업,"이동식 크레인(카고 크레인, 집게차)을 사용한 작업",떨어짐,"들어올린 설비나 화물의 고정상태가 양호하며, 안전블록, 지지대, 훅 해지장치 등이 제대로 설치되어 있는가?",2,"1687,2042,1643"
제조업,"이동식 크레인(카고 크레인, 집게차)을 사용한 작업",깔림.뒤집힘,중량물 운반 작업 중 운전자가 보조작업자의 신호를 명확히 인지할 때까지 물체를 내려놓지 않도록 절차화되어 있는가?,3,"1692,1731,1721"
제조업,"이동식 크레인(카고 크레인, 집게차)을 사용한 작업",깔림.뒤집힘,"이동식 크레인으로 중량물을 운반할 때, 작업자 간 신호체계가 통일되어 있고 모든 작업자가 이를 숙지하고 있는가?",2,"1476,1045,1964"
제조업,"이동식 크레인(카고 크레인, 집게차)을 사용한 작업",깔림.뒤집힘,"중량물 운반 작업 시 운반하는 물체의 이동경로에 근로자의 출입을 통제하는 조치(안전펜스, 경고표지 등)를 취하고 있는가?",2,"1731,1721,1733"
제조업,"이동식 크레인(카고 크레인, 집게차)을 사용한 작업",깔림.뒤집힘,중량물 운반 작업 시 작업지휘자 또는 유도자를 배치하여 작업을 관리하고 있는가?,2,"1477,1964,1045"
제조업,"이동식 크레인(카고 크레인, 집게차)을 사용한 작업",깔림.뒤집힘,"이동식 크레인을 이용한 중량물 취급 작업에 대한 작업계획서(작업방법, 운행경로, 근로자와 기계 혼재 작업 여부 등)를 사전에 작성하고 있는가?",2,"1476,1045,1766"
제조업,인력 운반 작업,떨어짐,"인력 운반 작업 구간의 이동통로에 이물질, 자재, 고박용 자재 등이 방치되어 있지 않은지 확인하고 있는가?",8,"1487,1495"
제조업,인력 운반 작업,떨어짐,인력 운반 작업 시 이동통로의 바닥 상태가 평탄하고 요철부나 단차가 없는지 정기적으로 점검하고 있는가?,7,"1487,1495"
제조업,인력 운반 작업,떨어짐,"무거운 물체 운반 시 폭이 넓고 안정적인 운반용구(팔레트, 지게차 등)를 사용하고 있는가?",7,"1733,1697"
제조업,인력 운반 작업,떨어짐,"높이가 있는 작업(2층 이상)에서 무거운 물체를 운반할 때 안전난간, 추락방지 장치 등이 설치되어 있고 개방되어 있지 않은가?",3,"1487,1712,1495"
제조업,인력 운반 작업,떨어짐,"높이가 있는 작업장(교량, 선박, 창고 등)에서 개방된 구덩이, 화물창, 단부 등에 대한 추락 위험을 사전에 차단하고 있는가?",3,"1487,1495"
제조업,인력 운반 작업,깔림.뒤집힘,중량물 작업 전에 불안정한 적재 상태의 화물을 제거하거나 재정렬하고 있는가?,5,1969
제조업,인력 운반 작업,깔림.뒤집힘,작업 구간의 바닥 상태가 평탄하고 요철부나 단차가 없는지 정기적으로 점검하고 있는가?,4,1969
제조업,인력 운반 작업,깔림.뒤집힘,"적재대, 코일, 목재 등 중량물이 전도되지 않도록 고정 장치나 지지대를 설치하고 있는가?",4,1969
제조업,인력 운반 작업,깔림.뒤집힘,중량물 운반 시 화물의 무게가 한쪽으로 치우쳐지지 않도록 균형있게 적재하고 있는가?,3,2028
제조업,인력 운반 작업,깔림.뒤집힘,"이동통로 상에 이물질, 파편, 장애물 등이 없는지 정기적으로 제거하고 있는가?",3,
제조업,인력 운반 작업,끼임,중량물 작업 시 화물의 무게가 한쪽으로 치우쳐져 있지는 않은지 확인하고 있는가?,4,2492
제조업,인력 운반 작업,끼임,중량물 작업 전에 화물의 적재상태가 안정적인지 점검하고 있는가?,4,1969
제조업,인력 운반 작업,끼임,중량물을 제거하거나 고정한 후에만 해당 설비 또는 적재물 주변에서 작업을 수행하고 있는가?,4,"1656,1964"
제조업,인력 운반 작업,끼임,"중량물의 전도·낙하 방지를 위한 고정장치(밴드, 클램프, 지지대 등)가 적절히 설치되어 있는가?",4,"1721,1950"
제조업,인력 운반 작업,끼임,중량물 작업 중 작업자가 화물과 설비 또는 화물과 화물 사이의 끼임 위험 구간에 신체를 노출하지 않도록 교육하고 있는가?,4,"2120,103"
제조업,자동화 설비 작업,끼임,"근로자들이 자동화 설비의 끼임 위험성과 안전 작업 절차에 대해 정기적으로 교육받고 있으며, 교육 이력이 기록되어 있는가?",13,"82,83,84"
제조업,자동화 설비 작업,끼임,"작업장에서 자동화 설비(컨베이어, 로봇, 이송대차 등)가 가동 중일 때, 근로자들이 주변 설비의 움직임을 인지할 수 있도록 시각적 경고(표지판, 조명) 또는 청각적 경고(경보음)가 설치되어 있는가?",8,"1443,1722,1731"
제조업,자동화 설비 작업,끼임,"자동화 설비 주변에서 작업할 때 안전거리(안전 구역)가 명확히 표시되어 있고, 근로자들이 이를 준수하도록 교육 및 감시가 이루어지고 있는가?",8,"2425,1443,2065"
제조업,자동화 설비 작업,끼임,"같은 작업장에서 도급인과 수급인의 작업이 혼재될 경우, 상호 간의 의사소통 체계(작업 전 브리핑, 신호 체계 등)가 수립되어 있는가?",8,"1045,2277,2427"
제조업,자동화 설비 작업,끼임,"자동화 설비 가동 중 작업이 필요한 경우, 안전작업허가제도를 통해 작업 전·중·후 안전 상태를 지속적으로 확인하고 있는가?",8,"1575,1722,2422"
제조업,작업장소 통행/이동,넘어짐,"미끄러운 바닥이 발생하기 쉬운 장소(탈수작업장, 화장실 입구, 주차장, 옥상 등)에 미끄럼 방지 처리(논슬립 테이프, 미끄럼 방지 코팅 등)가 되어 있는가?",11,"2088,1423"
제조업,작업장소 통행/이동,넘어짐,"작업장의 계단, 복도, 통로 등 통행로의 바닥이 미끄러운 상태(물, 기름, 얼음 등)로 오염되어 있지는 않은가?",10,"1423,1422"
제조업,작업장소 통행/이동,넘어짐,"바닥의 기름기, 물기, 슬러지 등을 정기적으로 제거하고 청소하는 절차가 수립되어 있는가?",10,"2406,2405"
제조업,작업장소 통행/이동,넘어짐,근로자들이 미끄럼 방지 신발 착용 등 개인보호장비 사용에 대한 교육을 받고 있는가?,10,"1462,88"
제조업,작업장소 통행/이동,넘어짐,"높이가 있는 계단이나 옥상에서의 작업 시 안전난간, 추락방지 장치 등 추락 방지 시설이 설치되어 있는가?",4,"1487,1493,1495"
제조업,작업장소 통행/이동,빠짐익사,"물이나 액체가 있는 작업 공간(도금조, 냉각조, 연못, 하천, 저수지 등) 주변에 안전난간이나 방호울타리가 설치되어 있는가?",8,"1487,1495"
제조업,작업장소 통행/이동,빠짐익사,"물이나 위험한 액체가 있는 공간에서의 작업 시 구조 장비, 생명줄, 또는 안전 보호구를 준비하고 있는가?",8,"1487,1495"
제조업,작업장소 통행/이동,빠짐익사,"작업장 바닥에 기름기, 물, 또는 기타 미끄러운 물질이 있는지 정기적으로 점검하고 제거하고 있는가?",7,"1423,2088"
제조업,작업장소 통행/이동,빠짐익사,유분 비산을 방지하기 위한 가림판이나 방호장치가 설치되어 있는가?,7,"1487,2356"
제조업,작업장소 통행/이동,빠짐익사,"바닥의 요철부, 문턱, 돌출부 등 걸려 넘어질 수 있는 위험요소를 제거하거나 표시하고 있는가?",6,"1487,1483,43"
제조업,작업장소 통행/이동,떨어짐,"작업 이동 경로에 안전난간이 설치되어 있지 않은 경우, 작업 위치를 추락 위험이 없는 장소로 변경할 수 있는가?",9,"1483,1487,113"
제조업,작업장소 통행/이동,떨어짐,"설비나 구조물(컨베이어, 에스컬레이터, 고철더미, 암롤박스 등) 위를 이동할 때 안전난간이 설치되어 있는가?",7,"1487,2029,1495"
제조업,작업장소 통행/이동,떨어짐,작업 이동 중 설비나 구조물 사이를 뛰어넘거나 밟고 올라가는 행동을 하지 않도록 교육하고 감시하는가?,7,"1483,1487,113"
제조업,작업장소 통행/이동,떨어짐,"작업 이동 경로의 바닥이 미끄러운 상태(기름, 슬러지, 빙판 등)는 아닌가?",4,"1448,1454,113"
제조업,작업장소 통행/이동,떨어짐,작업 이동 경로의 바닥에 요철부나 장애물이 방치되어 있지는 않은가?,4,"1448,1454,1487"
제조업,전기설비 취급 작업,감전,"전기설비 점검, 수리, 교체 작업 시 사전에 전원을 차단하고 정전작업을 실시하고 있는가?",8,"1918,1917,1919"
제조업,전기설비 취급 작업,감전,활선작업(전원이 차단되지 않은 상태의 작업)이 필요한 경우 활선작업용기구와 절연용 보호구를 사용하고 있는가?,8,"1928,1922,1921"
제조업,전기설비 취급 작업,감전,"이동형 또는 휴대형 전기기계(용접기, 펌프, 콘센트 등)에 누전차단기가 설치되어 있는가?",5,"1891,1914"
제조업,전기설비 취급 작업,감전,"물기 또는 습기가 있는 장소에서 사용되는 전기설비(수중펌프, 콘센트 등)에 대해 접지가 실시되어 있는가?",5,"1887,1888,1302"
제조업,전기설비 취급 작업,감전,전기설비의 절연 상태를 정기적으로 점검하여 절연파괴나 누전 위험을 사전에 발견하고 있는가?,5,"2104,2136,1894"
제조업,전기설비 취급 작업,이상온도물체접촉,전기설비 작업 시 사전에 전원을 완전히 차단하고 정전 상태를 확인하는 절차를 수립하고 실행하고 있는가?,2,"1918,1917"
제조업,전기설비 취급 작업,이상온도물체접촉,"충전부 노출 상태에서 작업하는 경우, 활선작업용기구 및 절연용 보호구(절연장갑, 방염복 등)를 반드시 착용하도록 규정하고 있는가?",2,"1922,1921"
제조업,전기설비 취급 작업,이상온도물체접촉,정전작업 후 전기점검 및 조작을 실시하여 안전성을 확인하는 절차를 수립하고 있는가?,2,"1917,1904"
제조업,전기설비 취급 작업,이상온도물체접촉,전기설비에 대한 정기적인 유지·관리 및 점검 계획을 수립하고 실행하고 있는가?,1,"1889,1303"
제조업,전기설비 취급 작업,이상온도물체접촉,"변압기, 큐비클 등 고전압 설비의 절연 상태를 정기적으로 점검하여 절연 파괴 위험을 사전에 제거하고 있는가?",1,"1908,1842"
제조업,조경·제초작업,떨어짐,"3.5m 미만의 높이에서 작업할 때 A자형 사다리를 사용하고 있으며, 2인 1조로 관리하고 있습니까?",6,"1450,1489"
제조업,조경·제초작업,떨어짐,모든 작업자에게 안전대와 안전모를 지급하고 착용을 확인하고 있습니까?,6,"1581,1463,2430"
제조업,조경·제초작업,떨어짐,관리감독자가 작업 중 작업자의 안전 상태를 지속적으로 확인하고 있습니까?,6,"2422,2425"
제조업,조경·제초작업,떨어짐,3.5m 이상의 높이에서 작업할 때 고소작업대를 사용하고 있습니까?,5,"1712,1486"
제조업,조경·제초작업,떨어짐,작업 발판에 안전난간이 설치되어 있습니까?,5,"1487,2054,1495"
제조업,지게차를 사용하는 작업,떨어짐,"지게차 포크, 파렛트, 버킷 등에 근로자가 탑승하여 높은 장소로 승강하는 작업을 하고 있지는 않은가?",13,1721
제조업,지게차를 사용하는 작업,떨어짐,지게차 운전석 외의 장소에 근로자가 탑승하는 작업을 금지하고 있는가?,13,1734
제조업,지게차를 사용하는 작업,떨어짐,"지게차를 하역운반장치의 주용도 외에 중량물 제작작업, 설치작업, 철거작업 등 생산용도로 사용하고 있지는 않은가?",12,"1729,1962"
제조업,지게차를 사용하는 작업,떨어짐,고소작업(2m 이상)이 필요한 경우 지게차 대신 안전난간이 설치된 고소작업대를 사용하고 있는가?,9,"1712,1713"
제조업,지게차를 사용하는 작업,떨어짐,"지게차로 운반하는 화물의 적재상태가 불량하지는 않은가? (무게가 한쪽으로 치우쳐진 상태, 고정 미흡 등)",3,"1695,1730"
제조업,지게차를 사용하는 작업,깔림.뒤집힘,중량물을 지게차로 운반할 때 화물을 고정하여 전도·낙하를 방지하고 있는가?,6,"1692,1721"
제조업,지게차를 사용하는 작업,깔림.뒤집힘,"지게차로 운반하는 화물이 균형있게 적재되어 있고, 한쪽으로 치우쳐지지 않도록 관리하고 있는가?",5,"1697,1692"
제조업,지게차를 사용하는 작업,깔림.뒤집힘,"지게차를 이용한 중량물 취급 작업에 대해 작업계획서를 작성하고 있는가? (작업방법, 운행경로, 근로자와 지게차 혼재 작업 여부 등)",5,"1476,1045"
제조업,지게차를 사용하는 작업,깔림.뒤집힘,근로자와 지게차가 혼재하여 작업할 때 작업지휘자 또는 유도자를 배치하고 있는가?,5,"1477,1964"
제조업,지게차를 사용하는 작업,깔림.뒤집힘,지게차 운전자가 운전석을 이탈할 때 브레이크와 고임목으로 확실히 정지 조치를 실시하고 있는가?,4,"1589,1590"
제조업,지게차를 사용하는 작업,끼임,"지게차 운전 중 정비·보수·청소 작업이 필요할 경우 엔진을 정지하고 LOTO(Lock Out, Tag Out) 제도를 시행하고 있는가?",5,"1575,1605"
제조업,지게차를 사용하는 작업,끼임,지게차 운전 중 마스트와 프레임 사이 공간에 신체 일부가 접촉되지 않도록 주의하고 있는가?,5,1731
제조업,지게차를 사용하는 작업,끼임,"지게차 조작 레버 및 스위치에 각 기능(정지, 작동, 수동, 반자동, 자동 등)이 명확히 표시되어 있는가?",4,1637
제조업,지게차를 사용하는 작업,끼임,"지게차 운전 시 전방 및 사각지대를 확인하고, 필요시 신호수를 배치하고 있는가?",3,"2059,1697"
제조업,지게차를 사용하는 작업,끼임,지게차 운전 중 운전석 위에 올라서거나 신체를 내밀어 작업하는 행위를 금지하고 있는가?,3,"1721,1731,1550"
제조업,차량을 이용한 작업,떨어짐,"작업장 내 차량 운행경로의 바닥이 평탄하게 정리되어 있고, 요철이나 불규칙한 지형이 없는가?",5,"1487,1697"
제조업,차량을 이용한 작업,떨어짐,주·정차 시 차량의 불시 이동을 방지하기 위해 브레이크와 고임목이 확실히 체결되어 있는가?,5,"1710,1721"
제조업,차량을 이용한 작업,떨어짐,경사진 도로나 급경사 지역에서 차량 운행 시 제한속도를 설정하고 준수하고 있는가?,4,"1586,1697"
제조업,차량을 이용한 작업,떨어짐,"차량 운전자가 적절한 자격과 교육을 받았으며, 시동키 관리가 철저히 이루어지고 있는가?",4,1675
제조업,차량을 이용한 작업,떨어짐,적재함이나 차량 상부에 탑승한 상태에서 작업 또는 이동을 하고 있지는 않은가?,3,"1734,1721"
제조업,차량을 이용한 작업,끼임,경사로나 불안정한 지형에서 차량 운행 시 제한속도를 준수하고 있는가?,5,1586
제조업,차량을 이용한 작업,끼임,"작업장 내 바닥이 평탄하게 유지되고 있으며, 요철이나 급경사 구간이 없는가?",5,
제조업,차량을 이용한 작업,끼임,작업장 내 차량이 주·정차할 때 브레이크와 고임목을 항상 체결하고 있는가?,4,"1575,1721"
제조업,차량을 이용한 작업,끼임,차량 운행 중 운전자가 진행방향과 사각지대를 확인하고 있는가?,2,"1732,2059"
제조업,차량을 이용한 작업,끼임,근로자와 작업차량이 혼재 작업할 때 작업지휘자 또는 유도자를 배치하고 있는가?,2,1477
제조업,차량을 이용한 작업,부딪힘,"차량 운행 전 진행방향, 사각지대, 주변 구조물을 확인하는 절차가 수립되어 있고 실행되고 있는가?",2,"1733,1730,1731"
제조업,차량을 이용한 작업,부딪힘,"경사로나 불안정한 지형에서 작업할 때 차량의 불시 이동을 방지하기 위해 브레이크 잠금, 고임목 체결 등의 조치를 실시하고 있는가?",2,"1730,1710,2057"
제조업,차량을 이용한 작업,부딪힘,차량계 작업기계의 운전자를 지정하여 지정된 자만 운전하도록 제한하고 있는가?,2,"1675,1550,1589"
제조업,차량을 이용한 작업,부딪힘,운전자가 운전석을 이탈할 때 시동키를 분리하여 별도 보관하고 있는가?,1,"1589,1590,1605"
제조업,차량을 이용한 작업,부딪힘,운전자가 작업 전 충분한 휴식을 취하고 졸음운전이나 운전미숙 상태에서 운행하지 않도록 관리하고 있는가?,1,"1675,1708,1550"
제조업,채석장에서의 작업,무너짐,채석장 사면에 부석(浮石)이나 전석(轉石)이 있는지 정기적으로 점검하고 있는가?,5,"1969,1999"
제조업,채석장에서의 작업,무너짐,발파작업 시 모든 근로자를 안전한 피난장소로 대피시키고 대피 완료를 확인한 후에만 발파를 실시하고 있는가?,5,"2280,1987"
제조업,채석장에서의 작업,무너짐,발파작업 후 일정시간 경과 후에만 발파장소에 근로자를 접근시키고 있는가?,5,"2280,1987"
제조업,채석장에서의 작업,무너짐,풍화 침식으로 인한 사면 불안정성을 사전에 파악하기 위해 사면 안정성 조사를 정기적으로 실시하고 있는가?,5,"1969,1499"
제조업,채석장에서의 작업,무너짐,"발파 진동이 주변 사면의 암석 낙하를 유발할 수 있다는 점을 인식하고, 발파 전 사면 상태를 점검하고 있는가?",5,"1499,1969"
제조업,채석장에서의 작업,물체에맞음,발파작업 전에 모든 근로자가 안전한 피난장소로 대피했는지 확인하는 절차가 있는가?,3,"2280,1999,1987"
제조업,채석장에서의 작업,물체에맞음,발파작업 후 일정시간 경과 후에만 발파장소에 접근하도록 규정하고 있는가?,3,"2280,1987"
제조업,채석장에서의 작업,물체에맞음,발파작업 시 안전한 피난장소가 실제로 설치되어 있고 근로자들이 그 위치를 숙지하고 있는가?,3,"1440,2065,1973"
제조업,채석장에서의 작업,물체에맞음,발파작업 시 위험지역에 대한 근로자 출입통제 구간을 명확히 설정하고 있는가?,2,"1973,1998,1979"
제조업,채석장에서의 작업,물체에맞음,발파 진동으로 인한 낙석 위험을 고려하여 인접 작업지역의 안전거리를 확보하고 있는가?,2,"2000,1978,2002"
제조업,"크레인(천장주행, 갠트리, 지브 등) 사용 작업",물체에맞음,"훅, 샤클, 클램프 등 줄걸이 기구에 훅 해지장치(안전장치)가 설치되어 있고 정상 작동하는가?",4,"2042,1643,1687"
제조업,"크레인(천장주행, 갠트리, 지브 등) 사용 작업",물체에맞음,훅과 훅 해지장치를 상시 점검하고 이상 발견 시 즉시 폐기 처리하는 관리 체계가 있는가?,4,"1643,2104,2136"
제조업,"크레인(천장주행, 갠트리, 지브 등) 사용 작업",물체에맞음,인양하중 및 화물의 형태를 고려하여 적절한 체인블록의 훅을 선정하고 있는가?,4,"2042,1681,1687"
제조업,"크레인(천장주행, 갠트리, 지브 등) 사용 작업",물체에맞음,"줄걸이 기구(슬링벨트, 와이어로프, 체인 등)의 용접 불량, 마모, 변형, 손상 여부를 정기적으로 점검하고 있는가?",3,"1645,1688,2021"
제조업,"크레인(천장주행, 갠트리, 지브 등) 사용 작업",물체에맞음,손상되거나 마모된 줄걸이 기구를 발견했을 때 즉시 교체하거나 폐기하는 절차가 수립되어 있는가?,3,"1507,1969,2180"
제조업,"크레인(천장주행, 갠트리, 지브 등) 사용 작업",깔림.뒤집힘,"크레인 운반 작업 시 운반 물체로 인해 조작자의 시야가 가려지는 경우, 신호수를 배치하여 신호에 따라 운반작업을 실시하고 있는가?",5,"2059,1766"
제조업,"크레인(천장주행, 갠트리, 지브 등) 사용 작업",깔림.뒤집힘,이송방향 전면에서 조작 및 시야 확보가 가능한 정도의 물량만 운반하도록 제한하고 있는가?,5,1656
제조업,"크레인(천장주행, 갠트리, 지브 등) 사용 작업",깔림.뒤집힘,"운반하는 화물의 형태와 무게에 적합한 줄걸이 방법을 사용하고 있으며, 화물의 균형을 확인한 후 인양하고 있는가?",4,"1636,2042"
제조업,"크레인(천장주행, 갠트리, 지브 등) 사용 작업",깔림.뒤집힘,"섬유슬링 벨트의 폐기 기준을 마련하고, 손상된 슬링 벨트를 발견 시 즉시 폐기 요청할 수 있는 안전문화가 정착되어 있는가?",4,"1717,2020,1687"
제조업,"크레인(천장주행, 갠트리, 지브 등) 사용 작업",깔림.뒤집힘,운반 물체가 주변 설비나 구조물에 부딪히지 않도록 충분한 거리를 확보하고 운반하고 있는가?,4,"1656,2055"
제조업,"크레인(천장주행, 갠트리, 지브 등) 사용 작업",끼임,크레인 운반 작업 시 조작자가 화물의 이송 방향 전면에서 시야를 완전히 확보하고 있는가?,6,1657
제조업,"크레인(천장주행, 갠트리, 지브 등) 사용 작업",끼임,크레인 운반 작업 중 시야 확보가 불가능한 경우 신호수를 배치하여 신호에 따라 작업하고 있는가?,6,"2059,1657"
제조업,"크레인(천장주행, 갠트리, 지브 등) 사용 작업",끼임,"크레인 운반 작업 중 작업자 간 신호체계가 통일되어 있고, 모든 작업자가 이를 숙지하고 있는가?",3,"1658,1476"
제조업,"크레인(천장주행, 갠트리, 지브 등) 사용 작업",끼임,"크레인 운반 작업 중 작업자 간 의사소통이 이루어지고 있으며, 작업 상황을 서로 인지하고 있는가?",3,"1658,1476"
제조업,"크레인(천장주행, 갠트리, 지브 등) 사용 작업",끼임,"슬링벨트, 와이어로프 등 줄걸이 기구에 대한 정기적인 점검 및 손상 시 즉시 교체 절차가 수립되어 있는가?",2,"2021,1507"
제조업,"피트, 맨홀, 오·폐수 처리시설 등 밀폐된 장소에서 작업",산소결핍,"밀폐된 장소 작업 담당자가 산소결핍, 유해가스 중독의 증상과 응급 대응 방법에 대해 교육받고 있는가?",15,"2450,2415"
제조업,"피트, 맨홀, 오·폐수 처리시설 등 밀폐된 장소에서 작업",산소결핍,밀폐된 장소 작업 시 외부에서 작업자의 상태를 감시할 수 있는 감시자를 배치하고 있는가?,15,2425
제조업,"피트, 맨홀, 오·폐수 처리시설 등 밀폐된 장소에서 작업",산소결핍,"밀폐된 장소 작업 시 호흡용 보호구(공기호흡기, 송기마스크 등)를 준비하고 있는가?",15,"2450,2451"
제조업,"피트, 맨홀, 오·폐수 처리시설 등 밀폐된 장소에서 작업",산소결핍,"밀폐된 장소(맨홀, 탱크, 집수조, 반응기 등)에 진입하기 전에 가스농도측정기를 사용하여 산소, 일산화탄소, 황화수소 등의 농도를 측정하고 있는가?",14,"2417,2418"
제조업,"피트, 맨홀, 오·폐수 처리시설 등 밀폐된 장소에서 작업",산소결핍,"밀폐된 장소 작업 시 송풍기, 환기팬 등을 이용한 강제환기를 작업 전에 충분히 실시하고 있는가?",14,"2420,2450"
제조업,"피트, 맨홀, 오·폐수 처리시설 등 밀폐된 장소에서 작업",화학물질누출접촉,"밀폐된 장소(피트, 맨홀, 탱크, 조 등)에 출입하기 전에 가스농도측정기를 사용하여 산소농도, 유해가스 농도를 측정하고 있는가?",8,"2418,2417,2415"
제조업,"피트, 맨홀, 오·폐수 처리시설 등 밀폐된 장소에서 작업",화학물질누출접촉,밀폐된 장소 작업 시 환기팬이나 송풍기를 이용한 강제환기를 작업 전에 충분히 실시하고 있는가?,8,"1528,2440,2445"
제조업,"피트, 맨홀, 오·폐수 처리시설 등 밀폐된 장소에서 작업",화학물질누출접촉,밀폐된 장소 출입 금지 및 위험 표시를 명확하게 설치하고 있는가?,8,"1440,1979,2132"
제조업,"피트, 맨홀, 오·폐수 처리시설 등 밀폐된 장소에서 작업",화학물질누출접촉,"분뇨, 폐수, 슬러리 등을 다루는 피트나 맨홀에서 작업할 때 황화수소 가스 발생 가능성을 인식하고 사전에 환기를 실시하고 있는가?",5,"2435,1539,2451"
제조업,"피트, 맨홀, 오·폐수 처리시설 등 밀폐된 장소에서 작업",화학물질누출접촉,"밀폐된 장소 내부의 수위 확인, 청소, 점검 등의 작업 시 반드시 가스농도를 사전에 측정하고 있는가?",3,"2418,2417,2415"
제조업,혼재작업(작업자-작업차량),부딪힘,"작업차량 운전자에 대한 정기적인 안전교육(혼재작업 위험성, 사각지대 확인, 저속 운행 등)을 실시하고 있는가?",10,"1477,1570"
제조업,혼재작업(작업자-작업차량),부딪힘,"사업장 내 작업차량(지게차, 굴삭기, 트럭 등)의 운행 경로와 근로자의 이동 통로가 명확하게 구분되어 있는가?",9,"1731,1964"
제조업,혼재작업(작업자-작업차량),부딪힘,근로자와 작업차량이 함께 작업하는 혼재작업 시 작업지휘자 또는 유도자를 배치하고 있는가?,9,"1477,1964"
제조업,혼재작업(작업자-작업차량),부딪힘,"작업차량을 사용하는 모든 작업에 대해 작업계획서(작업방법, 운행경로, 근로자와 차량 혼재 작업 여부 등)를 사전에 작성하고 있는가?",9,"1473,1964"
제조업,혼재작업(작업자-작업차량),부딪힘,작업차량 운행 구역 내에서 근로자의 출입을 통제하거나 제한하고 있는가?,8,"1731,1964,1962"
제조업,혼재작업(작업자-작업차량),깔림.뒤집힘,"지게차 및 건설기계를 이용한 중량물 취급 작업에 대해 작업계획서를 작성하였으며, 여기에 작업방법, 운행경로, 근로자와 작업차량 혼재 작업 여부 등이 포함되어 있는가?",10,"1476,1045"
제조업,혼재작업(작업자-작업차량),깔림.뒤집힘,혼재작업 시 작업지휘자 또는 유도자를 배치하여 근로자와 작업차량 간 안전을 관리하고 있는가?,10,"1478,1964"
제조업,혼재작업(작업자-작업차량),깔림.뒤집힘,"근로자가 작업차량 주변에서 작업할 때 작업차량 운전자와 직접 시각 접촉을 유지하거나, 유도자를 통해 안전을 확보하고 있는가?",9,"2059,1731"
제조업,혼재작업(작업자-작업차량),깔림.뒤집힘,"혼재작업 장소에서 근로자 이동동선과 작업차량(지게차, 로더 등) 운행경로를 명확히 구분하고 구획하였는가?",7,"1731,1476"
제조업,혼재작업(작업자-작업차량),깔림.뒤집힘,"작업차량(지게차, 로더)의 후진 시 근로자가 사각지대에 있지 않은지 확인하는 절차 및 안전장치(경보음, 후진 카메라 등)가 구비되어 있는가?",6,"1704,1964"
제조업,혼재작업(작업자-작업차량),끼임,"혼재작업 장소에서 근로자가 작업차량과 고정 구조물(벽, 도크, 발판 등) 사이에 끼일 수 있는 위험 지점을 파악하고 있는가?",6,"1487,113"
제조업,혼재작업(작업자-작업차량),끼임,혼재작업 장소에서 근로자 이동 통로와 작업차량 운행 경로를 물리적으로 구분하고 있는가?,4,"1654,1645"
제조업,혼재작업(작업자-작업차량),끼임,혼재작업 시 작업지휘자 또는 유도자를 배치하고 있는가?,3,"1477,1478"
제조업,혼재작업(작업자-작업차량),끼임,"중량물 취급 작업에 대한 작업계획서를 사전에 작성하고 있는가? (작업방법, 운행경로, 근로자와 차량 혼재 작업 여부 등 포함)",3,"1473,1474"
제조업,혼재작업(작업자-작업차량),끼임,"작업자 간 신호체계가 통일되어 있으며, 모든 작업자가 이를 숙지하고 있는가?",3,"1658,1964"
